<?xml version="1.0"?>
<link_info>
   <banner>TMS320C6x Linker PC v7.4.4</banner>
   <copyright>Copyright (c) 1996-2013 Texas Instruments Incorporated</copyright>
   <link_time>0x5aa7684c</link_time>
   <output_file>11111.out</output_file>
   <entry_point>
      <name>_c_int00</name>
      <address>0xc0000000</address>
   </entry_point>
   <input_file_list>
      <input_file id="fl-2">
         <path>.\MATLAB\</path>
         <kind>object</kind>
         <file>rt_nonfinite.obj</file>
         <name>rt_nonfinite.obj</name>
      </input_file>
      <input_file id="fl-3">
         <path>.\MATLAB\</path>
         <kind>object</kind>
         <file>rtGetNaN.obj</file>
         <name>rtGetNaN.obj</name>
      </input_file>
      <input_file id="fl-4">
         <path>.\MATLAB\</path>
         <kind>object</kind>
         <file>rtGetInf.obj</file>
         <name>rtGetInf.obj</name>
      </input_file>
      <input_file id="fl-5">
         <path>.\MATLAB\</path>
         <kind>object</kind>
         <file>angle.obj</file>
         <name>angle.obj</name>
      </input_file>
      <input_file id="fl-6">
         <path>.\MATLAB\</path>
         <kind>object</kind>
         <file>Fun_Detect_terminate.obj</file>
         <name>Fun_Detect_terminate.obj</name>
      </input_file>
      <input_file id="fl-7">
         <path>.\MATLAB\</path>
         <kind>object</kind>
         <file>Fun_Detect_initialize.obj</file>
         <name>Fun_Detect_initialize.obj</name>
      </input_file>
      <input_file id="fl-8">
         <path>.\MATLAB\</path>
         <kind>object</kind>
         <file>Fun_Detect.obj</file>
         <name>Fun_Detect.obj</name>
      </input_file>
      <input_file id="fl-9">
         <path>.\</path>
         <kind>object</kind>
         <file>main.obj</file>
         <name>main.obj</name>
      </input_file>
      <input_file id="fl-84">
         <path>D:\ti\ccsv5\tools\compiler\c6000_7.4.4\lib\</path>
         <kind>archive</kind>
         <file>rts6740.lib</file>
         <name>asin.obj</name>
      </input_file>
      <input_file id="fl-85">
         <path>D:\ti\ccsv5\tools\compiler\c6000_7.4.4\lib\</path>
         <kind>archive</kind>
         <file>rts6740.lib</file>
         <name>atan2.obj</name>
      </input_file>
      <input_file id="fl-86">
         <path>D:\ti\ccsv5\tools\compiler\c6000_7.4.4\lib\</path>
         <kind>archive</kind>
         <file>rts6740.lib</file>
         <name>boot.obj</name>
      </input_file>
      <input_file id="fl-87">
         <path>D:\ti\ccsv5\tools\compiler\c6000_7.4.4\lib\</path>
         <kind>archive</kind>
         <file>rts6740.lib</file>
         <name>divd.obj</name>
      </input_file>
      <input_file id="fl-88">
         <path>D:\ti\ccsv5\tools\compiler\c6000_7.4.4\lib\</path>
         <kind>archive</kind>
         <file>rts6740.lib</file>
         <name>errno.obj</name>
      </input_file>
      <input_file id="fl-89">
         <path>D:\ti\ccsv5\tools\compiler\c6000_7.4.4\lib\</path>
         <kind>archive</kind>
         <file>rts6740.lib</file>
         <name>exit.obj</name>
      </input_file>
      <input_file id="fl-8a">
         <path>D:\ti\ccsv5\tools\compiler\c6000_7.4.4\lib\</path>
         <kind>archive</kind>
         <file>rts6740.lib</file>
         <name>frcmpyd_div.obj</name>
      </input_file>
      <input_file id="fl-8b">
         <path>D:\ti\ccsv5\tools\compiler\c6000_7.4.4\lib\</path>
         <kind>archive</kind>
         <file>rts6740.lib</file>
         <name>frexp.obj</name>
      </input_file>
      <input_file id="fl-8c">
         <path>D:\ti\ccsv5\tools\compiler\c6000_7.4.4\lib\</path>
         <kind>archive</kind>
         <file>rts6740.lib</file>
         <name>llshift.obj</name>
      </input_file>
      <input_file id="fl-8d">
         <path>D:\ti\ccsv5\tools\compiler\c6000_7.4.4\lib\</path>
         <kind>archive</kind>
         <file>rts6740.lib</file>
         <name>sqrt.obj</name>
      </input_file>
      <input_file id="fl-8e">
         <path>D:\ti\ccsv5\tools\compiler\c6000_7.4.4\lib\</path>
         <kind>archive</kind>
         <file>rts6740.lib</file>
         <name>args_main.obj</name>
      </input_file>
      <input_file id="fl-8f">
         <path>D:\ti\ccsv5\tools\compiler\c6000_7.4.4\lib\</path>
         <kind>archive</kind>
         <file>rts6740.lib</file>
         <name>atan.obj</name>
      </input_file>
      <input_file id="fl-90">
         <path>D:\ti\ccsv5\tools\compiler\c6000_7.4.4\lib\</path>
         <kind>archive</kind>
         <file>rts6740.lib</file>
         <name>autoinit.obj</name>
      </input_file>
      <input_file id="fl-91">
         <path>D:\ti\ccsv5\tools\compiler\c6000_7.4.4\lib\</path>
         <kind>archive</kind>
         <file>rts6740.lib</file>
         <name>cpp_init.obj</name>
      </input_file>
      <input_file id="fl-92">
         <path>D:\ti\ccsv5\tools\compiler\c6000_7.4.4\lib\</path>
         <kind>archive</kind>
         <file>rts6740.lib</file>
         <name>cpy_tbl.obj</name>
      </input_file>
      <input_file id="fl-93">
         <path>D:\ti\ccsv5\tools\compiler\c6000_7.4.4\lib\</path>
         <kind>archive</kind>
         <file>rts6740.lib</file>
         <name>memcpy64.obj</name>
      </input_file>
   </input_file_list>
   <object_component_list>
      <object_component id="oc-22">
         <name>.text:_c_int00</name>
         <load_address>0xc0000000</load_address>
         <run_address>0xc0000000</run_address>
         <size>0x80</size>
         <input_file_ref idref="fl-86"/>
      </object_component>
      <object_component id="oc-88">
         <name>.text:__divd</name>
         <load_address>0xc0011280</load_address>
         <run_address>0xc0011280</run_address>
         <size>0x5a0</size>
         <input_file_ref idref="fl-87"/>
      </object_component>
      <object_component id="oc-89">
         <name>.text</name>
         <load_address>0xc0011820</load_address>
         <run_address>0xc0011820</run_address>
         <size>0x4e0</size>
         <input_file_ref idref="fl-8"/>
      </object_component>
      <object_component id="oc-86">
         <name>.text</name>
         <load_address>0xc0011d00</load_address>
         <run_address>0xc0011d00</run_address>
         <size>0x260</size>
         <input_file_ref idref="fl-9"/>
      </object_component>
      <object_component id="oc-92">
         <name>.text:_atan</name>
         <load_address>0xc0011f60</load_address>
         <run_address>0xc0011f60</run_address>
         <size>0x1a0</size>
         <input_file_ref idref="fl-8f"/>
      </object_component>
      <object_component id="oc-8e">
         <name>.text:_asin</name>
         <load_address>0xc0012100</load_address>
         <run_address>0xc0012100</run_address>
         <size>0x180</size>
         <input_file_ref idref="fl-84"/>
      </object_component>
      <object_component id="oc-90">
         <name>.text</name>
         <load_address>0xc0012280</load_address>
         <run_address>0xc0012280</run_address>
         <size>0x180</size>
         <input_file_ref idref="fl-4"/>
      </object_component>
      <object_component id="oc-8d">
         <name>.text:_atan2</name>
         <load_address>0xc0012400</load_address>
         <run_address>0xc0012400</run_address>
         <size>0x160</size>
         <input_file_ref idref="fl-85"/>
      </object_component>
      <object_component id="oc-8c">
         <name>.text</name>
         <load_address>0xc0012560</load_address>
         <run_address>0xc0012560</run_address>
         <size>0x140</size>
         <input_file_ref idref="fl-2"/>
      </object_component>
      <object_component id="oc-91">
         <name>.text:_frexp</name>
         <load_address>0xc00126a0</load_address>
         <run_address>0xc00126a0</run_address>
         <size>0x120</size>
         <input_file_ref idref="fl-8b"/>
      </object_component>
      <object_component id="oc-8f">
         <name>.text</name>
         <load_address>0xc00127c0</load_address>
         <run_address>0xc00127c0</run_address>
         <size>0x120</size>
         <input_file_ref idref="fl-3"/>
      </object_component>
      <object_component id="oc-93">
         <name>.text:_sqrt</name>
         <load_address>0xc00128e0</load_address>
         <run_address>0xc00128e0</run_address>
         <size>0x100</size>
         <input_file_ref idref="fl-8d"/>
      </object_component>
      <object_component id="oc-80">
         <name>.text:__auto_init</name>
         <load_address>0xc00129e0</load_address>
         <run_address>0xc00129e0</run_address>
         <size>0xc0</size>
         <input_file_ref idref="fl-90"/>
      </object_component>
      <object_component id="oc-82">
         <name>.text:_exit</name>
         <load_address>0xc0012aa0</load_address>
         <run_address>0xc0012aa0</run_address>
         <size>0xc0</size>
         <input_file_ref idref="fl-89"/>
      </object_component>
      <object_component id="oc-83">
         <name>.text:_copy_in</name>
         <load_address>0xc0012b60</load_address>
         <run_address>0xc0012b60</run_address>
         <size>0xa0</size>
         <input_file_ref idref="fl-92"/>
      </object_component>
      <object_component id="oc-84">
         <name>.text:_memcpy</name>
         <load_address>0xc0012c00</load_address>
         <run_address>0xc0012c00</run_address>
         <size>0xa0</size>
         <input_file_ref idref="fl-93"/>
      </object_component>
      <object_component id="oc-85">
         <name>.text:___TI_cpp_init</name>
         <load_address>0xc0012ca0</load_address>
         <run_address>0xc0012ca0</run_address>
         <size>0x60</size>
         <input_file_ref idref="fl-91"/>
      </object_component>
      <object_component id="oc-81">
         <name>.text:__args_main</name>
         <load_address>0xc0012d00</load_address>
         <run_address>0xc0012d00</run_address>
         <size>0x40</size>
         <input_file_ref idref="fl-8e"/>
      </object_component>
      <object_component id="oc-8b">
         <name>.text:__frcmpyd_div</name>
         <load_address>0xc0012d40</load_address>
         <run_address>0xc0012d40</run_address>
         <size>0x40</size>
         <input_file_ref idref="fl-8a"/>
      </object_component>
      <object_component id="oc-8a">
         <name>.text:__llshru</name>
         <load_address>0xc0012d80</load_address>
         <run_address>0xc0012d80</run_address>
         <size>0x40</size>
         <input_file_ref idref="fl-8c"/>
      </object_component>
      <object_component id="oc-87">
         <name>.text:_abort</name>
         <load_address>0xc0012dc0</load_address>
         <run_address>0xc0012dc0</run_address>
         <size>0x20</size>
         <input_file_ref idref="fl-89"/>
      </object_component>
      <object_component id="oc-51">
         <name>.stack</name>
         <uninitialized>true</uninitialized>
         <run_address>0xc0012de0</run_address>
         <size>0x8</size>
         <input_file_ref idref="fl-86"/>
      </object_component>
      <object_component id="oc-bb">
         <name>.stack</name>
         <uninitialized>true</uninitialized>
         <run_address>0xc0012de0</run_address>
         <size>0x0</size>
      </object_component>
      <object_component id="oc-29">
         <name>.const</name>
         <load_address>0xc0009174</load_address>
         <run_address>0xc0009174</run_address>
         <size>0x4</size>
         <input_file_ref idref="fl-3"/>
      </object_component>
      <object_component id="oc-43">
         <name>.cinit</name>
         <load_address>0xc0001000</load_address>
         <run_address>0xc0001000</run_address>
         <size>0x8054</size>
         <input_file_ref idref="fl-9"/>
      </object_component>
      <object_component id="oc-70">
         <name>.cinit</name>
         <load_address>0xc0009058</load_address>
         <run_address>0xc0009058</run_address>
         <size>0x70</size>
         <input_file_ref idref="fl-8f"/>
      </object_component>
      <object_component id="oc-49">
         <name>.cinit</name>
         <load_address>0xc00090c8</load_address>
         <run_address>0xc00090c8</run_address>
         <size>0x68</size>
         <input_file_ref idref="fl-84"/>
      </object_component>
      <object_component id="oc-5c">
         <name>.cinit</name>
         <load_address>0xc0009130</load_address>
         <run_address>0xc0009130</run_address>
         <size>0x2c</size>
         <input_file_ref idref="fl-89"/>
      </object_component>
      <object_component id="oc-58">
         <name>.cinit</name>
         <load_address>0xc0009160</load_address>
         <run_address>0xc0009160</run_address>
         <size>0xc</size>
         <input_file_ref idref="fl-88"/>
      </object_component>
      <object_component id="oc-23">
         <name>.bss</name>
         <uninitialized>true</uninitialized>
         <run_address>0xc0013e20</run_address>
         <size>0x24</size>
         <input_file_ref idref="fl-2"/>
      </object_component>
      <object_component id="oc-41">
         <name>.bss</name>
         <uninitialized>true</uninitialized>
         <run_address>0xc0013de0</run_address>
         <size>0x3c</size>
         <input_file_ref idref="fl-9"/>
      </object_component>
      <object_component id="oc-44">
         <name>.far</name>
         <load_address>0xc0009178</load_address>
         <run_address>0xc0009178</run_address>
         <size>0x8030</size>
         <input_file_ref idref="fl-9"/>
      </object_component>
      <object_component id="oc-4a">
         <name>.far</name>
         <load_address>0xc00111a8</load_address>
         <run_address>0xc00111a8</run_address>
         <size>0x60</size>
         <input_file_ref idref="fl-84"/>
      </object_component>
      <object_component id="oc-71">
         <name>.far</name>
         <load_address>0xc0011208</load_address>
         <run_address>0xc0011208</run_address>
         <size>0x60</size>
         <input_file_ref idref="fl-8f"/>
      </object_component>
      <object_component id="oc-5d">
         <name>.far</name>
         <load_address>0xc0011268</load_address>
         <run_address>0xc0011268</run_address>
         <size>0xc</size>
         <input_file_ref idref="fl-89"/>
      </object_component>
      <object_component id="oc-59">
         <name>.far</name>
         <load_address>0xc0011274</load_address>
         <run_address>0xc0011274</run_address>
         <size>0x4</size>
         <input_file_ref idref="fl-88"/>
      </object_component>
      <object_component id="oc-24">
         <name>.debug_info</name>
         <load_address>0x0</load_address>
         <run_address>0x0</run_address>
         <size>0xa95</size>
         <input_file_ref idref="fl-2"/>
      </object_component>
      <object_component id="oc-28">
         <name>.debug_info</name>
         <load_address>0xa95</load_address>
         <run_address>0xa95</run_address>
         <size>0x9cf</size>
         <input_file_ref idref="fl-3"/>
      </object_component>
      <object_component id="oc-2d">
         <name>.debug_info</name>
         <load_address>0x1464</load_address>
         <run_address>0x1464</run_address>
         <size>0xb83</size>
         <input_file_ref idref="fl-4"/>
      </object_component>
      <object_component id="oc-31">
         <name>.debug_info</name>
         <load_address>0x1fe7</load_address>
         <run_address>0x1fe7</run_address>
         <size>0x694</size>
         <input_file_ref idref="fl-5"/>
      </object_component>
      <object_component id="oc-35">
         <name>.debug_info</name>
         <load_address>0x267b</load_address>
         <run_address>0x267b</run_address>
         <size>0x5d5</size>
         <input_file_ref idref="fl-6"/>
      </object_component>
      <object_component id="oc-39">
         <name>.debug_info</name>
         <load_address>0x2c50</load_address>
         <run_address>0x2c50</run_address>
         <size>0x60f</size>
         <input_file_ref idref="fl-7"/>
      </object_component>
      <object_component id="oc-3d">
         <name>.debug_info</name>
         <load_address>0x325f</load_address>
         <run_address>0x325f</run_address>
         <size>0xa7b</size>
         <input_file_ref idref="fl-8"/>
      </object_component>
      <object_component id="oc-42">
         <name>.debug_info</name>
         <load_address>0x3cda</load_address>
         <run_address>0x3cda</run_address>
         <size>0x848</size>
         <input_file_ref idref="fl-9"/>
      </object_component>
      <object_component id="oc-48">
         <name>.debug_info</name>
         <load_address>0x4522</load_address>
         <run_address>0x4522</run_address>
         <size>0x6e2</size>
         <input_file_ref idref="fl-84"/>
      </object_component>
      <object_component id="oc-4d">
         <name>.debug_info</name>
         <load_address>0x4c04</load_address>
         <run_address>0x4c04</run_address>
         <size>0x69d</size>
         <input_file_ref idref="fl-85"/>
      </object_component>
      <object_component id="oc-50">
         <name>.debug_info</name>
         <load_address>0x52a1</load_address>
         <run_address>0x52a1</run_address>
         <size>0x6f2</size>
         <input_file_ref idref="fl-86"/>
      </object_component>
      <object_component id="oc-54">
         <name>.debug_info</name>
         <load_address>0x5993</load_address>
         <run_address>0x5993</run_address>
         <size>0x96a</size>
         <input_file_ref idref="fl-87"/>
      </object_component>
      <object_component id="oc-57">
         <name>.debug_info</name>
         <load_address>0x62fd</load_address>
         <run_address>0x62fd</run_address>
         <size>0x5c9</size>
         <input_file_ref idref="fl-88"/>
      </object_component>
      <object_component id="oc-5b">
         <name>.debug_info</name>
         <load_address>0x68c6</load_address>
         <run_address>0x68c6</run_address>
         <size>0x7bf</size>
         <input_file_ref idref="fl-89"/>
      </object_component>
      <object_component id="oc-60">
         <name>.debug_info</name>
         <load_address>0x7085</load_address>
         <run_address>0x7085</run_address>
         <size>0x653</size>
         <input_file_ref idref="fl-8a"/>
      </object_component>
      <object_component id="oc-63">
         <name>.debug_info</name>
         <load_address>0x76d8</load_address>
         <run_address>0x76d8</run_address>
         <size>0x682</size>
         <input_file_ref idref="fl-8b"/>
      </object_component>
      <object_component id="oc-66">
         <name>.debug_info</name>
         <load_address>0x7d5a</load_address>
         <run_address>0x7d5a</run_address>
         <size>0x672</size>
         <input_file_ref idref="fl-8c"/>
      </object_component>
      <object_component id="oc-69">
         <name>.debug_info</name>
         <load_address>0x83cc</load_address>
         <run_address>0x83cc</run_address>
         <size>0x85c</size>
         <input_file_ref idref="fl-8d"/>
      </object_component>
      <object_component id="oc-6c">
         <name>.debug_info</name>
         <load_address>0x8c28</load_address>
         <run_address>0x8c28</run_address>
         <size>0x6c8</size>
         <input_file_ref idref="fl-8e"/>
      </object_component>
      <object_component id="oc-6f">
         <name>.debug_info</name>
         <load_address>0x92f0</load_address>
         <run_address>0x92f0</run_address>
         <size>0x676</size>
         <input_file_ref idref="fl-8f"/>
      </object_component>
      <object_component id="oc-74">
         <name>.debug_info</name>
         <load_address>0x9966</load_address>
         <run_address>0x9966</run_address>
         <size>0x83e</size>
         <input_file_ref idref="fl-90"/>
      </object_component>
      <object_component id="oc-77">
         <name>.debug_info</name>
         <load_address>0xa1a4</load_address>
         <run_address>0xa1a4</run_address>
         <size>0x6b6</size>
         <input_file_ref idref="fl-91"/>
      </object_component>
      <object_component id="oc-7a">
         <name>.debug_info</name>
         <load_address>0xa85a</load_address>
         <run_address>0xa85a</run_address>
         <size>0x7ac</size>
         <input_file_ref idref="fl-92"/>
      </object_component>
      <object_component id="oc-7d">
         <name>.debug_info</name>
         <load_address>0xb006</load_address>
         <run_address>0xb006</run_address>
         <size>0xcc</size>
         <input_file_ref idref="fl-93"/>
      </object_component>
      <object_component id="oc-ca">
         <name>.debug_info</name>
         <load_address>0xb0d2</load_address>
         <run_address>0xb0d2</run_address>
         <size>0x6d</size>
      </object_component>
      <object_component id="oc-25">
         <name>.debug_frame</name>
         <load_address>0x0</load_address>
         <run_address>0x0</run_address>
         <size>0x2c9</size>
         <input_file_ref idref="fl-2"/>
      </object_component>
      <object_component id="oc-2a">
         <name>.debug_frame</name>
         <load_address>0x2c9</load_address>
         <run_address>0x2c9</run_address>
         <size>0x278</size>
         <input_file_ref idref="fl-3"/>
      </object_component>
      <object_component id="oc-2e">
         <name>.debug_frame</name>
         <load_address>0x541</load_address>
         <run_address>0x541</run_address>
         <size>0x2b1</size>
         <input_file_ref idref="fl-4"/>
      </object_component>
      <object_component id="oc-32">
         <name>.debug_frame</name>
         <load_address>0x7f2</load_address>
         <run_address>0x7f2</run_address>
         <size>0x23f</size>
         <input_file_ref idref="fl-5"/>
      </object_component>
      <object_component id="oc-36">
         <name>.debug_frame</name>
         <load_address>0xa31</load_address>
         <run_address>0xa31</run_address>
         <size>0x23f</size>
         <input_file_ref idref="fl-6"/>
      </object_component>
      <object_component id="oc-3a">
         <name>.debug_frame</name>
         <load_address>0xc70</load_address>
         <run_address>0xc70</run_address>
         <size>0x23f</size>
         <input_file_ref idref="fl-7"/>
      </object_component>
      <object_component id="oc-3e">
         <name>.debug_frame</name>
         <load_address>0xeaf</load_address>
         <run_address>0xeaf</run_address>
         <size>0x27e</size>
         <input_file_ref idref="fl-8"/>
      </object_component>
      <object_component id="oc-45">
         <name>.debug_frame</name>
         <load_address>0x112d</load_address>
         <run_address>0x112d</run_address>
         <size>0x25f</size>
         <input_file_ref idref="fl-9"/>
      </object_component>
      <object_component id="oc-26">
         <name>.debug_line</name>
         <load_address>0x0</load_address>
         <run_address>0x0</run_address>
         <size>0xb7</size>
         <input_file_ref idref="fl-2"/>
      </object_component>
      <object_component id="oc-2b">
         <name>.debug_line</name>
         <load_address>0xb7</load_address>
         <run_address>0xb7</run_address>
         <size>0xa9</size>
         <input_file_ref idref="fl-3"/>
      </object_component>
      <object_component id="oc-2f">
         <name>.debug_line</name>
         <load_address>0x160</load_address>
         <run_address>0x160</run_address>
         <size>0xeb</size>
         <input_file_ref idref="fl-4"/>
      </object_component>
      <object_component id="oc-33">
         <name>.debug_line</name>
         <load_address>0x24b</load_address>
         <run_address>0x24b</run_address>
         <size>0x2f</size>
         <input_file_ref idref="fl-5"/>
      </object_component>
      <object_component id="oc-37">
         <name>.debug_line</name>
         <load_address>0x27a</load_address>
         <run_address>0x27a</run_address>
         <size>0x3e</size>
         <input_file_ref idref="fl-6"/>
      </object_component>
      <object_component id="oc-3b">
         <name>.debug_line</name>
         <load_address>0x2b8</load_address>
         <run_address>0x2b8</run_address>
         <size>0x3f</size>
         <input_file_ref idref="fl-7"/>
      </object_component>
      <object_component id="oc-3f">
         <name>.debug_line</name>
         <load_address>0x2f7</load_address>
         <run_address>0x2f7</run_address>
         <size>0xdf</size>
         <input_file_ref idref="fl-8"/>
      </object_component>
      <object_component id="oc-46">
         <name>.debug_line</name>
         <load_address>0x3d6</load_address>
         <run_address>0x3d6</run_address>
         <size>0x56</size>
         <input_file_ref idref="fl-9"/>
      </object_component>
      <object_component id="oc-4b">
         <name>.debug_line</name>
         <load_address>0x42c</load_address>
         <run_address>0x42c</run_address>
         <size>0x55</size>
         <input_file_ref idref="fl-84"/>
      </object_component>
      <object_component id="oc-4e">
         <name>.debug_line</name>
         <load_address>0x481</load_address>
         <run_address>0x481</run_address>
         <size>0x3a</size>
         <input_file_ref idref="fl-85"/>
      </object_component>
      <object_component id="oc-52">
         <name>.debug_line</name>
         <load_address>0x4bb</load_address>
         <run_address>0x4bb</run_address>
         <size>0x3d</size>
         <input_file_ref idref="fl-86"/>
      </object_component>
      <object_component id="oc-55">
         <name>.debug_line</name>
         <load_address>0x4f8</load_address>
         <run_address>0x4f8</run_address>
         <size>0x3c</size>
         <input_file_ref idref="fl-87"/>
      </object_component>
      <object_component id="oc-5e">
         <name>.debug_line</name>
         <load_address>0x534</load_address>
         <run_address>0x534</run_address>
         <size>0x4f</size>
         <input_file_ref idref="fl-89"/>
      </object_component>
      <object_component id="oc-61">
         <name>.debug_line</name>
         <load_address>0x583</load_address>
         <run_address>0x583</run_address>
         <size>0x3e</size>
         <input_file_ref idref="fl-8a"/>
      </object_component>
      <object_component id="oc-64">
         <name>.debug_line</name>
         <load_address>0x5c1</load_address>
         <run_address>0x5c1</run_address>
         <size>0x38</size>
         <input_file_ref idref="fl-8b"/>
      </object_component>
      <object_component id="oc-67">
         <name>.debug_line</name>
         <load_address>0x5f9</load_address>
         <run_address>0x5f9</run_address>
         <size>0x3f</size>
         <input_file_ref idref="fl-8c"/>
      </object_component>
      <object_component id="oc-6a">
         <name>.debug_line</name>
         <load_address>0x638</load_address>
         <run_address>0x638</run_address>
         <size>0x68</size>
         <input_file_ref idref="fl-8d"/>
      </object_component>
      <object_component id="oc-6d">
         <name>.debug_line</name>
         <load_address>0x6a0</load_address>
         <run_address>0x6a0</run_address>
         <size>0x3f</size>
         <input_file_ref idref="fl-8e"/>
      </object_component>
      <object_component id="oc-72">
         <name>.debug_line</name>
         <load_address>0x6df</load_address>
         <run_address>0x6df</run_address>
         <size>0x53</size>
         <input_file_ref idref="fl-8f"/>
      </object_component>
      <object_component id="oc-75">
         <name>.debug_line</name>
         <load_address>0x732</load_address>
         <run_address>0x732</run_address>
         <size>0x49</size>
         <input_file_ref idref="fl-90"/>
      </object_component>
      <object_component id="oc-78">
         <name>.debug_line</name>
         <load_address>0x77b</load_address>
         <run_address>0x77b</run_address>
         <size>0x45</size>
         <input_file_ref idref="fl-91"/>
      </object_component>
      <object_component id="oc-7b">
         <name>.debug_line</name>
         <load_address>0x7c0</load_address>
         <run_address>0x7c0</run_address>
         <size>0x44</size>
         <input_file_ref idref="fl-92"/>
      </object_component>
      <object_component id="oc-7e">
         <name>.debug_line</name>
         <load_address>0x804</load_address>
         <run_address>0x804</run_address>
         <size>0x4a</size>
         <input_file_ref idref="fl-93"/>
      </object_component>
      <object_component id="oc-27">
         <name>.debug_abbrev</name>
         <load_address>0x0</load_address>
         <run_address>0x0</run_address>
         <size>0xe5</size>
         <input_file_ref idref="fl-2"/>
      </object_component>
      <object_component id="oc-2c">
         <name>.debug_abbrev</name>
         <load_address>0xe5</load_address>
         <run_address>0xe5</run_address>
         <size>0xd0</size>
         <input_file_ref idref="fl-3"/>
      </object_component>
      <object_component id="oc-30">
         <name>.debug_abbrev</name>
         <load_address>0x1b5</load_address>
         <run_address>0x1b5</run_address>
         <size>0xc9</size>
         <input_file_ref idref="fl-4"/>
      </object_component>
      <object_component id="oc-34">
         <name>.debug_abbrev</name>
         <load_address>0x27e</load_address>
         <run_address>0x27e</run_address>
         <size>0x12e</size>
         <input_file_ref idref="fl-5"/>
      </object_component>
      <object_component id="oc-38">
         <name>.debug_abbrev</name>
         <load_address>0x3ac</load_address>
         <run_address>0x3ac</run_address>
         <size>0x69</size>
         <input_file_ref idref="fl-6"/>
      </object_component>
      <object_component id="oc-3c">
         <name>.debug_abbrev</name>
         <load_address>0x415</load_address>
         <run_address>0x415</run_address>
         <size>0x97</size>
         <input_file_ref idref="fl-7"/>
      </object_component>
      <object_component id="oc-40">
         <name>.debug_abbrev</name>
         <load_address>0x4ac</load_address>
         <run_address>0x4ac</run_address>
         <size>0x13b</size>
         <input_file_ref idref="fl-8"/>
      </object_component>
      <object_component id="oc-47">
         <name>.debug_abbrev</name>
         <load_address>0x5e7</load_address>
         <run_address>0x5e7</run_address>
         <size>0xef</size>
         <input_file_ref idref="fl-9"/>
      </object_component>
      <object_component id="oc-4c">
         <name>.debug_abbrev</name>
         <load_address>0x6d6</load_address>
         <run_address>0x6d6</run_address>
         <size>0xd3</size>
         <input_file_ref idref="fl-84"/>
      </object_component>
      <object_component id="oc-4f">
         <name>.debug_abbrev</name>
         <load_address>0x7a9</load_address>
         <run_address>0x7a9</run_address>
         <size>0xbf</size>
         <input_file_ref idref="fl-85"/>
      </object_component>
      <object_component id="oc-53">
         <name>.debug_abbrev</name>
         <load_address>0x868</load_address>
         <run_address>0x868</run_address>
         <size>0xfe</size>
         <input_file_ref idref="fl-86"/>
      </object_component>
      <object_component id="oc-56">
         <name>.debug_abbrev</name>
         <load_address>0x966</load_address>
         <run_address>0x966</run_address>
         <size>0xf5</size>
         <input_file_ref idref="fl-87"/>
      </object_component>
      <object_component id="oc-5a">
         <name>.debug_abbrev</name>
         <load_address>0xa5b</load_address>
         <run_address>0xa5b</run_address>
         <size>0x44</size>
         <input_file_ref idref="fl-88"/>
      </object_component>
      <object_component id="oc-5f">
         <name>.debug_abbrev</name>
         <load_address>0xa9f</load_address>
         <run_address>0xa9f</run_address>
         <size>0x119</size>
         <input_file_ref idref="fl-89"/>
      </object_component>
      <object_component id="oc-62">
         <name>.debug_abbrev</name>
         <load_address>0xbb8</load_address>
         <run_address>0xbb8</run_address>
         <size>0x8c</size>
         <input_file_ref idref="fl-8a"/>
      </object_component>
      <object_component id="oc-65">
         <name>.debug_abbrev</name>
         <load_address>0xc44</load_address>
         <run_address>0xc44</run_address>
         <size>0xb1</size>
         <input_file_ref idref="fl-8b"/>
      </object_component>
      <object_component id="oc-68">
         <name>.debug_abbrev</name>
         <load_address>0xcf5</load_address>
         <run_address>0xcf5</run_address>
         <size>0xa3</size>
         <input_file_ref idref="fl-8c"/>
      </object_component>
      <object_component id="oc-6b">
         <name>.debug_abbrev</name>
         <load_address>0xd98</load_address>
         <run_address>0xd98</run_address>
         <size>0x102</size>
         <input_file_ref idref="fl-8d"/>
      </object_component>
      <object_component id="oc-6e">
         <name>.debug_abbrev</name>
         <load_address>0xe9a</load_address>
         <run_address>0xe9a</run_address>
         <size>0xe1</size>
         <input_file_ref idref="fl-8e"/>
      </object_component>
      <object_component id="oc-73">
         <name>.debug_abbrev</name>
         <load_address>0xf7b</load_address>
         <run_address>0xf7b</run_address>
         <size>0xac</size>
         <input_file_ref idref="fl-8f"/>
      </object_component>
      <object_component id="oc-76">
         <name>.debug_abbrev</name>
         <load_address>0x1027</load_address>
         <run_address>0x1027</run_address>
         <size>0x13f</size>
         <input_file_ref idref="fl-90"/>
      </object_component>
      <object_component id="oc-79">
         <name>.debug_abbrev</name>
         <load_address>0x1166</load_address>
         <run_address>0x1166</run_address>
         <size>0xdd</size>
         <input_file_ref idref="fl-91"/>
      </object_component>
      <object_component id="oc-7c">
         <name>.debug_abbrev</name>
         <load_address>0x1243</load_address>
         <run_address>0x1243</run_address>
         <size>0x10c</size>
         <input_file_ref idref="fl-92"/>
      </object_component>
      <object_component id="oc-7f">
         <name>.debug_abbrev</name>
         <load_address>0x134f</load_address>
         <run_address>0x134f</run_address>
         <size>0x3a</size>
         <input_file_ref idref="fl-93"/>
      </object_component>
      <object_component id="oc-cb">
         <name>.debug_abbrev</name>
         <load_address>0x1389</load_address>
         <run_address>0x1389</run_address>
         <size>0xd</size>
      </object_component>
   </object_component_list>
   <logical_group_list>
      <logical_group id="lg-2">
         <name>.text:_c_int00</name>
         <load_address>0xc0000000</load_address>
         <run_address>0xc0000000</run_address>
         <size>0x80</size>
         <contents>
            <object_component_ref idref="oc-22"/>
         </contents>
      </logical_group>
      <logical_group id="lg-3">
         <name>.text</name>
         <load_address>0xc0011280</load_address>
         <run_address>0xc0011280</run_address>
         <size>0x1b60</size>
         <contents>
            <object_component_ref idref="oc-88"/>
            <object_component_ref idref="oc-89"/>
            <object_component_ref idref="oc-86"/>
            <object_component_ref idref="oc-92"/>
            <object_component_ref idref="oc-8e"/>
            <object_component_ref idref="oc-90"/>
            <object_component_ref idref="oc-8d"/>
            <object_component_ref idref="oc-8c"/>
            <object_component_ref idref="oc-91"/>
            <object_component_ref idref="oc-8f"/>
            <object_component_ref idref="oc-93"/>
            <object_component_ref idref="oc-80"/>
            <object_component_ref idref="oc-82"/>
            <object_component_ref idref="oc-83"/>
            <object_component_ref idref="oc-84"/>
            <object_component_ref idref="oc-85"/>
            <object_component_ref idref="oc-81"/>
            <object_component_ref idref="oc-8b"/>
            <object_component_ref idref="oc-8a"/>
            <object_component_ref idref="oc-87"/>
         </contents>
      </logical_group>
      <logical_group id="lg-4">
         <name>.stack</name>
         <run_address>0xc0012de0</run_address>
         <size>0x1000</size>
         <contents>
            <object_component_ref idref="oc-51"/>
            <object_component_ref idref="oc-bb"/>
         </contents>
      </logical_group>
      <logical_group id="lg-5">
         <name>.cio</name>
         <run_address>0x0</run_address>
         <size>0x0</size>
         <contents>
         </contents>
      </logical_group>
      <logical_group id="lg-6">
         <name>.vectors</name>
         <run_address>0x0</run_address>
         <size>0x0</size>
         <contents>
         </contents>
      </logical_group>
      <logical_group id="lg-7">
         <name>.const</name>
         <load_address>0xc0009174</load_address>
         <run_address>0xc0009174</run_address>
         <size>0x4</size>
         <contents>
            <object_component_ref idref="oc-29"/>
         </contents>
      </logical_group>
      <logical_group id="lg-8">
         <name>.data</name>
         <run_address>0xc0001000</run_address>
         <size>0x0</size>
         <contents>
         </contents>
      </logical_group>
      <logical_group id="lg-9">
         <name>.switch</name>
         <run_address>0x0</run_address>
         <size>0x0</size>
         <contents>
         </contents>
      </logical_group>
      <logical_group id="lg-a">
         <name>.sysmem</name>
         <run_address>0x0</run_address>
         <size>0x0</size>
         <contents>
         </contents>
      </logical_group>
      <logical_group id="lg-b">
         <name>.args</name>
         <run_address>0x0</run_address>
         <size>0x0</size>
         <contents>
         </contents>
      </logical_group>
      <logical_group id="lg-c">
         <name>.ppinfo</name>
         <run_address>0x0</run_address>
         <size>0x0</size>
         <contents>
         </contents>
      </logical_group>
      <logical_group id="lg-d">
         <name>.ppdata</name>
         <run_address>0x0</run_address>
         <size>0x0</size>
         <contents>
         </contents>
      </logical_group>
      <logical_group id="lg-e">
         <name>.pinit</name>
         <run_address>0x0</run_address>
         <size>0x0</size>
         <contents>
         </contents>
      </logical_group>
      <logical_group id="lg-f">
         <name>.cinit</name>
         <load_address>0xc0001000</load_address>
         <run_address>0xc0001000</run_address>
         <size>0x8174</size>
         <contents>
            <object_component_ref idref="oc-43"/>
            <object_component_ref idref="oc-70"/>
            <object_component_ref idref="oc-49"/>
            <object_component_ref idref="oc-5c"/>
            <object_component_ref idref="oc-58"/>
         </contents>
      </logical_group>
      <logical_group id="lg-10">
         <name>.binit</name>
         <run_address>0x0</run_address>
         <size>0x0</size>
         <contents>
         </contents>
      </logical_group>
      <logical_group id="lg-11">
         <name>.init_array</name>
         <run_address>0x0</run_address>
         <size>0x0</size>
         <contents>
         </contents>
      </logical_group>
      <logical_group id="lg-12">
         <name>.fardata</name>
         <run_address>0x0</run_address>
         <size>0x0</size>
         <contents>
         </contents>
      </logical_group>
      <logical_group id="lg-13">
         <name>.c6xabi.exidx</name>
         <run_address>0x0</run_address>
         <size>0x0</size>
         <contents>
         </contents>
      </logical_group>
      <logical_group id="lg-14">
         <name>.c6xabi.extab</name>
         <run_address>0x0</run_address>
         <size>0x0</size>
         <contents>
         </contents>
      </logical_group>
      <logical_group id="lg-15">
         <name>.init_array</name>
         <run_address>0x0</run_address>
         <size>0x0</size>
         <contents>
         </contents>
      </logical_group>
      <logical_group id="lg-17">
         <name>.neardata</name>
         <run_address>0xc0013de0</run_address>
         <size>0x0</size>
         <contents>
         </contents>
      </logical_group>
      <logical_group id="lg-18">
         <name>.rodata</name>
         <run_address>0xc0013de0</run_address>
         <size>0x0</size>
         <contents>
         </contents>
      </logical_group>
      <logical_group id="lg-19">
         <name>.bss</name>
         <run_address>0xc0013de0</run_address>
         <size>0x64</size>
         <contents>
            <object_component_ref idref="oc-23"/>
            <object_component_ref idref="oc-41"/>
         </contents>
      </logical_group>
      <logical_group id="lg-16">
         <name>NEARDP_DATA</name>
         <run_address>0xc0013de0</run_address>
         <size>0x64</size>
         <contents>
            <logical_group_ref idref="lg-17"/>
            <logical_group_ref idref="lg-18"/>
            <logical_group_ref idref="lg-19"/>
         </contents>
      </logical_group>
      <logical_group id="lg-1a">
         <name>.far</name>
         <load_address>0xc0009178</load_address>
         <run_address>0xc0009178</run_address>
         <size>0x8100</size>
         <contents>
            <object_component_ref idref="oc-44"/>
            <object_component_ref idref="oc-4a"/>
            <object_component_ref idref="oc-71"/>
            <object_component_ref idref="oc-5d"/>
            <object_component_ref idref="oc-59"/>
         </contents>
      </logical_group>
      <logical_group id="lg-1b">
         <name>.buffer</name>
         <run_address>0x0</run_address>
         <size>0x0</size>
         <contents>
         </contents>
      </logical_group>
      <logical_group id="lg-1c">
         <name>.Reg_SYSCFG0</name>
         <run_address>0x0</run_address>
         <size>0x0</size>
         <contents>
         </contents>
      </logical_group>
      <logical_group id="lg-1d">
         <name>.Reg_uPP</name>
         <run_address>0x0</run_address>
         <size>0x0</size>
         <contents>
         </contents>
      </logical_group>
      <logical_group id="lg-1e">
         <name>.Reg_GPIO</name>
         <run_address>0x0</run_address>
         <size>0x0</size>
         <contents>
         </contents>
      </logical_group>
      <logical_group id="lg-1f">
         <name>.Reg_McBSP1</name>
         <run_address>0x0</run_address>
         <size>0x0</size>
         <contents>
         </contents>
      </logical_group>
      <logical_group id="lg-20">
         <name>.extram</name>
         <load_address>0xc0001000</load_address>
         <run_address>0xc0001000</run_address>
         <size>0x4000000</size>
         <contents>
         </contents>
      </logical_group>
      <logical_group id="lg-b2">
         <name>.debug_info</name>
         <load_address>0x0</load_address>
         <run_address>0x0</run_address>
         <size>0xb13f</size>
         <contents>
            <object_component_ref idref="oc-24"/>
            <object_component_ref idref="oc-28"/>
            <object_component_ref idref="oc-2d"/>
            <object_component_ref idref="oc-31"/>
            <object_component_ref idref="oc-35"/>
            <object_component_ref idref="oc-39"/>
            <object_component_ref idref="oc-3d"/>
            <object_component_ref idref="oc-42"/>
            <object_component_ref idref="oc-48"/>
            <object_component_ref idref="oc-4d"/>
            <object_component_ref idref="oc-50"/>
            <object_component_ref idref="oc-54"/>
            <object_component_ref idref="oc-57"/>
            <object_component_ref idref="oc-5b"/>
            <object_component_ref idref="oc-60"/>
            <object_component_ref idref="oc-63"/>
            <object_component_ref idref="oc-66"/>
            <object_component_ref idref="oc-69"/>
            <object_component_ref idref="oc-6c"/>
            <object_component_ref idref="oc-6f"/>
            <object_component_ref idref="oc-74"/>
            <object_component_ref idref="oc-77"/>
            <object_component_ref idref="oc-7a"/>
            <object_component_ref idref="oc-7d"/>
            <object_component_ref idref="oc-ca"/>
         </contents>
      </logical_group>
      <logical_group id="lg-b4">
         <name>.debug_frame</name>
         <load_address>0x0</load_address>
         <run_address>0x0</run_address>
         <size>0x138c</size>
         <contents>
            <object_component_ref idref="oc-25"/>
            <object_component_ref idref="oc-2a"/>
            <object_component_ref idref="oc-2e"/>
            <object_component_ref idref="oc-32"/>
            <object_component_ref idref="oc-36"/>
            <object_component_ref idref="oc-3a"/>
            <object_component_ref idref="oc-3e"/>
            <object_component_ref idref="oc-45"/>
         </contents>
      </logical_group>
      <logical_group id="lg-b6">
         <name>.debug_line</name>
         <load_address>0x0</load_address>
         <run_address>0x0</run_address>
         <size>0x84e</size>
         <contents>
            <object_component_ref idref="oc-26"/>
            <object_component_ref idref="oc-2b"/>
            <object_component_ref idref="oc-2f"/>
            <object_component_ref idref="oc-33"/>
            <object_component_ref idref="oc-37"/>
            <object_component_ref idref="oc-3b"/>
            <object_component_ref idref="oc-3f"/>
            <object_component_ref idref="oc-46"/>
            <object_component_ref idref="oc-4b"/>
            <object_component_ref idref="oc-4e"/>
            <object_component_ref idref="oc-52"/>
            <object_component_ref idref="oc-55"/>
            <object_component_ref idref="oc-5e"/>
            <object_component_ref idref="oc-61"/>
            <object_component_ref idref="oc-64"/>
            <object_component_ref idref="oc-67"/>
            <object_component_ref idref="oc-6a"/>
            <object_component_ref idref="oc-6d"/>
            <object_component_ref idref="oc-72"/>
            <object_component_ref idref="oc-75"/>
            <object_component_ref idref="oc-78"/>
            <object_component_ref idref="oc-7b"/>
            <object_component_ref idref="oc-7e"/>
         </contents>
      </logical_group>
      <logical_group id="lg-b8">
         <name>.debug_abbrev</name>
         <load_address>0x0</load_address>
         <run_address>0x0</run_address>
         <size>0x1396</size>
         <contents>
            <object_component_ref idref="oc-27"/>
            <object_component_ref idref="oc-2c"/>
            <object_component_ref idref="oc-30"/>
            <object_component_ref idref="oc-34"/>
            <object_component_ref idref="oc-38"/>
            <object_component_ref idref="oc-3c"/>
            <object_component_ref idref="oc-40"/>
            <object_component_ref idref="oc-47"/>
            <object_component_ref idref="oc-4c"/>
            <object_component_ref idref="oc-4f"/>
            <object_component_ref idref="oc-53"/>
            <object_component_ref idref="oc-56"/>
            <object_component_ref idref="oc-5a"/>
            <object_component_ref idref="oc-5f"/>
            <object_component_ref idref="oc-62"/>
            <object_component_ref idref="oc-65"/>
            <object_component_ref idref="oc-68"/>
            <object_component_ref idref="oc-6b"/>
            <object_component_ref idref="oc-6e"/>
            <object_component_ref idref="oc-73"/>
            <object_component_ref idref="oc-76"/>
            <object_component_ref idref="oc-79"/>
            <object_component_ref idref="oc-7c"/>
            <object_component_ref idref="oc-7f"/>
            <object_component_ref idref="oc-cb"/>
         </contents>
      </logical_group>
   </logical_group_list>
   <placement_map>
      <memory_area>
         <name>SYSCFG0</name>
         <page_id>0x0</page_id>
         <origin>0x1c14000</origin>
         <length>0x1000</length>
         <used_space>0x0</used_space>
         <unused_space>0x1000</unused_space>
         <attributes>RWIX</attributes>
         <usage_details>
         </usage_details>
      </memory_area>
      <memory_area>
         <name>McBSP1</name>
         <page_id>0x0</page_id>
         <origin>0x1d11000</origin>
         <length>0x800</length>
         <used_space>0x0</used_space>
         <unused_space>0x800</unused_space>
         <attributes>RWIX</attributes>
         <usage_details>
         </usage_details>
      </memory_area>
      <memory_area>
         <name>uPP</name>
         <page_id>0x0</page_id>
         <origin>0x1e16000</origin>
         <length>0x1000</length>
         <used_space>0x0</used_space>
         <unused_space>0x1000</unused_space>
         <attributes>RWIX</attributes>
         <usage_details>
         </usage_details>
      </memory_area>
      <memory_area>
         <name>GPIO</name>
         <page_id>0x0</page_id>
         <origin>0x1e26000</origin>
         <length>0x1000</length>
         <used_space>0x0</used_space>
         <unused_space>0x1000</unused_space>
         <attributes>RWIX</attributes>
         <usage_details>
         </usage_details>
      </memory_area>
      <memory_area>
         <name>SHDSPL2ROM</name>
         <page_id>0x0</page_id>
         <origin>0x11700000</origin>
         <length>0x100000</length>
         <used_space>0x0</used_space>
         <unused_space>0x100000</unused_space>
         <attributes>RWIX</attributes>
         <usage_details>
         </usage_details>
      </memory_area>
      <memory_area>
         <name>SHDSPL2RAM</name>
         <page_id>0x0</page_id>
         <origin>0x11800000</origin>
         <length>0x40000</length>
         <used_space>0x0</used_space>
         <unused_space>0x40000</unused_space>
         <attributes>RWIX</attributes>
         <usage_details>
         </usage_details>
      </memory_area>
      <memory_area>
         <name>SHDSPL1PRAM</name>
         <page_id>0x0</page_id>
         <origin>0x11e00000</origin>
         <length>0x8000</length>
         <used_space>0x0</used_space>
         <unused_space>0x8000</unused_space>
         <attributes>RWIX</attributes>
         <usage_details>
         </usage_details>
      </memory_area>
      <memory_area>
         <name>SHDSPL1DRAM</name>
         <page_id>0x0</page_id>
         <origin>0x11f00000</origin>
         <length>0x8000</length>
         <used_space>0x0</used_space>
         <unused_space>0x8000</unused_space>
         <attributes>RWIX</attributes>
         <usage_details>
         </usage_details>
      </memory_area>
      <memory_area>
         <name>EMIFACS0</name>
         <page_id>0x0</page_id>
         <origin>0x40000000</origin>
         <length>0x20000000</length>
         <used_space>0x0</used_space>
         <unused_space>0x20000000</unused_space>
         <attributes>RWIX</attributes>
         <usage_details>
         </usage_details>
      </memory_area>
      <memory_area>
         <name>EMIFACS2</name>
         <page_id>0x0</page_id>
         <origin>0x60000000</origin>
         <length>0x2000000</length>
         <used_space>0x0</used_space>
         <unused_space>0x2000000</unused_space>
         <attributes>RWIX</attributes>
         <usage_details>
         </usage_details>
      </memory_area>
      <memory_area>
         <name>EMIFACS3</name>
         <page_id>0x0</page_id>
         <origin>0x62000000</origin>
         <length>0x2000000</length>
         <used_space>0x0</used_space>
         <unused_space>0x2000000</unused_space>
         <attributes>RWIX</attributes>
         <usage_details>
         </usage_details>
      </memory_area>
      <memory_area>
         <name>EMIFACS4</name>
         <page_id>0x0</page_id>
         <origin>0x64000000</origin>
         <length>0x2000000</length>
         <used_space>0x0</used_space>
         <unused_space>0x2000000</unused_space>
         <attributes>RWIX</attributes>
         <usage_details>
         </usage_details>
      </memory_area>
      <memory_area>
         <name>EMIFACS5</name>
         <page_id>0x0</page_id>
         <origin>0x66000000</origin>
         <length>0x2000000</length>
         <used_space>0x0</used_space>
         <unused_space>0x2000000</unused_space>
         <attributes>RWIX</attributes>
         <usage_details>
         </usage_details>
      </memory_area>
      <memory_area>
         <name>SHRAM</name>
         <page_id>0x0</page_id>
         <origin>0x80000000</origin>
         <length>0x20000</length>
         <used_space>0x0</used_space>
         <unused_space>0x20000</unused_space>
         <attributes>RWIX</attributes>
         <usage_details>
         </usage_details>
      </memory_area>
      <memory_area>
         <name>EntryPoint</name>
         <page_id>0x0</page_id>
         <origin>0xc0000000</origin>
         <length>0x800</length>
         <used_space>0x80</used_space>
         <unused_space>0x780</unused_space>
         <attributes>RWIX</attributes>
         <usage_details>
            <allocated_space>
               <start_address>0xc0000000</start_address>
               <size>0x80</size>
               <logical_group_ref idref="lg-2"/>
            </allocated_space>
            <available_space>
               <start_address>0xc0000080</start_address>
               <size>0x780</size>
            </available_space>
         </usage_details>
      </memory_area>
      <memory_area>
         <name>Vector</name>
         <page_id>0x0</page_id>
         <origin>0xc0000800</origin>
         <length>0x800</length>
         <used_space>0x0</used_space>
         <unused_space>0x800</unused_space>
         <attributes>RWIX</attributes>
         <usage_details>
         </usage_details>
      </memory_area>
      <memory_area>
         <name>DDR2</name>
         <page_id>0x0</page_id>
         <origin>0xc0001000</origin>
         <length>0x8000000</length>
         <used_space>0x12e3c</used_space>
         <unused_space>0x7fed1c4</unused_space>
         <attributes>RWIX</attributes>
         <usage_details>
            <allocated_space>
               <start_address>0xc0001000</start_address>
               <size>0x0</size>
               <logical_group_ref idref="lg-8"/>
            </allocated_space>
            <allocated_space>
               <start_address>0xc0001000</start_address>
               <size>0x8174</size>
               <logical_group_ref idref="lg-f"/>
            </allocated_space>
            <allocated_space>
               <start_address>0xc0009174</start_address>
               <size>0x4</size>
               <logical_group_ref idref="lg-7"/>
            </allocated_space>
            <allocated_space>
               <start_address>0xc0009178</start_address>
               <size>0x8100</size>
               <logical_group_ref idref="lg-1a"/>
            </allocated_space>
            <available_space>
               <start_address>0xc0011278</start_address>
               <size>0x8</size>
            </available_space>
            <allocated_space>
               <start_address>0xc0011280</start_address>
               <size>0x1b60</size>
               <logical_group_ref idref="lg-3"/>
            </allocated_space>
            <allocated_space>
               <start_address>0xc0012de0</start_address>
               <size>0x1000</size>
               <logical_group_ref idref="lg-4"/>
            </allocated_space>
            <allocated_space>
               <start_address>0xc0013de0</start_address>
               <size>0x64</size>
               <logical_group_ref idref="lg-16"/>
            </allocated_space>
            <available_space>
               <start_address>0xc0013e44</start_address>
               <size>0x7fed1bc</size>
            </available_space>
         </usage_details>
      </memory_area>
      <memory_area>
         <name>ARMROM</name>
         <page_id>0x0</page_id>
         <origin>0xfffd0000</origin>
         <length>0x10000</length>
         <used_space>0x0</used_space>
         <unused_space>0x10000</unused_space>
         <attributes>RWIX</attributes>
         <usage_details>
         </usage_details>
      </memory_area>
      <memory_area>
         <name>ARMRAM</name>
         <page_id>0x0</page_id>
         <origin>0xffff0000</origin>
         <length>0x2000</length>
         <used_space>0x0</used_space>
         <unused_space>0x2000</unused_space>
         <attributes>RWIX</attributes>
         <usage_details>
         </usage_details>
      </memory_area>
   </placement_map>
   <symbol_table>
      <symbol id="sm-0">
         <name>EXTERNAL_RAM_START</name>
         <value>0xc0001000</value>
      </symbol>
      <symbol id="sm-1">
         <name>EXTERNAL_RAM_END</name>
         <value>0xc4001000</value>
      </symbol>
      <symbol id="sm-2">
         <name>EXTERNAL_RAM_SIZE</name>
         <value>0x4000000</value>
      </symbol>
      <symbol id="sm-3">
         <name>cinit</name>
         <value>0xc0001000</value>
      </symbol>
      <symbol id="sm-4">
         <name>___cinit__</name>
         <value>0xc0001000</value>
      </symbol>
      <symbol id="sm-5">
         <name>pinit</name>
         <value>0xffffffff</value>
      </symbol>
      <symbol id="sm-6">
         <name>___pinit__</name>
         <value>0xffffffff</value>
      </symbol>
      <symbol id="sm-7">
         <name>binit</name>
         <value>0xffffffff</value>
      </symbol>
      <symbol id="sm-8">
         <name>___binit__</name>
         <value>0xffffffff</value>
      </symbol>
      <symbol id="sm-9">
         <name>__STACK_SIZE</name>
         <value>0x1000</value>
      </symbol>
      <symbol id="sm-a">
         <name>__STACK_END</name>
         <value>0xc0013de0</value>
      </symbol>
      <symbol id="sm-b">
         <name>___c_args__</name>
         <value>0xffffffff</value>
      </symbol>
      <symbol id="sm-c">
         <name>.text</name>
         <value>0xc0011280</value>
      </symbol>
      <symbol id="sm-d">
         <name>___text__</name>
         <value>0xc0011280</value>
      </symbol>
      <symbol id="sm-e">
         <name>etext</name>
         <value>0xc0012de0</value>
      </symbol>
      <symbol id="sm-f">
         <name>___etext__</name>
         <value>0xc0012de0</value>
      </symbol>
      <symbol id="sm-10">
         <name>.data</name>
         <value>0xc0001000</value>
      </symbol>
      <symbol id="sm-11">
         <name>___data__</name>
         <value>0xc0001000</value>
      </symbol>
      <symbol id="sm-12">
         <name>edata</name>
         <value>0xc0001000</value>
      </symbol>
      <symbol id="sm-13">
         <name>___edata__</name>
         <value>0xc0001000</value>
      </symbol>
      <symbol id="sm-14">
         <name>.bss</name>
         <value>0xc0013de0</value>
      </symbol>
      <symbol id="sm-15">
         <name>___bss__</name>
         <value>0xc0013de0</value>
      </symbol>
      <symbol id="sm-16">
         <name>end</name>
         <value>0xc0013e44</value>
      </symbol>
      <symbol id="sm-17">
         <name>___end__</name>
         <value>0xc0013e44</value>
      </symbol>
      <symbol id="sm-18">
         <name>___TI_pprof_out_hndl</name>
         <value>0xffffffff</value>
      </symbol>
      <symbol id="sm-19">
         <name>___TI_prof_data_start</name>
         <value>0xffffffff</value>
      </symbol>
      <symbol id="sm-1a">
         <name>___TI_prof_data_size</name>
         <value>0xffffffff</value>
      </symbol>
      <symbol id="sm-1b">
         <name>$bss</name>
         <value>0xc0013de0</value>
      </symbol>
      <symbol id="sm-77">
         <name>_rtInf</name>
         <value>0xc0013e20</value>
         <object_component_ref idref="oc-23"/>
      </symbol>
      <symbol id="sm-78">
         <name>_rtNaNF</name>
         <value>0xc0013e40</value>
         <object_component_ref idref="oc-23"/>
      </symbol>
      <symbol id="sm-79">
         <name>_rtIsNaNF</name>
         <value>0xc0012674</value>
         <object_component_ref idref="oc-8c"/>
      </symbol>
      <symbol id="sm-7a">
         <name>_rtIsInf</name>
         <value>0xc00125b4</value>
         <object_component_ref idref="oc-8c"/>
      </symbol>
      <symbol id="sm-7b">
         <name>_rtMinusInfF</name>
         <value>0xc0013e3c</value>
         <object_component_ref idref="oc-23"/>
      </symbol>
      <symbol id="sm-7c">
         <name>_rtIsInfF</name>
         <value>0xc0012604</value>
         <object_component_ref idref="oc-8c"/>
      </symbol>
      <symbol id="sm-7d">
         <name>_rtInfF</name>
         <value>0xc0013e38</value>
         <object_component_ref idref="oc-23"/>
      </symbol>
      <symbol id="sm-7e">
         <name>_rtIsNaN</name>
         <value>0xc0012644</value>
         <object_component_ref idref="oc-8c"/>
      </symbol>
      <symbol id="sm-7f">
         <name>_rtNaN</name>
         <value>0xc0013e30</value>
         <object_component_ref idref="oc-23"/>
      </symbol>
      <symbol id="sm-80">
         <name>_rtMinusInf</name>
         <value>0xc0013e28</value>
         <object_component_ref idref="oc-23"/>
      </symbol>
      <symbol id="sm-81">
         <name>_rt_InitInfAndNaN</name>
         <value>0xc0012560</value>
         <object_component_ref idref="oc-8c"/>
      </symbol>
      <symbol id="sm-9b">
         <name>_rtGetNaN</name>
         <value>0xc00127c0</value>
         <object_component_ref idref="oc-8f"/>
      </symbol>
      <symbol id="sm-9c">
         <name>_rtGetNaNF</name>
         <value>0xc0012864</value>
         <object_component_ref idref="oc-8f"/>
      </symbol>
      <symbol id="sm-b6">
         <name>_rtGetInfF</name>
         <value>0xc0012324</value>
         <object_component_ref idref="oc-90"/>
      </symbol>
      <symbol id="sm-b7">
         <name>_rtGetMinusInfF</name>
         <value>0xc00123e4</value>
         <object_component_ref idref="oc-90"/>
      </symbol>
      <symbol id="sm-b8">
         <name>_rtGetMinusInf</name>
         <value>0xc0012340</value>
         <object_component_ref idref="oc-90"/>
      </symbol>
      <symbol id="sm-b9">
         <name>_rtGetInf</name>
         <value>0xc0012280</value>
         <object_component_ref idref="oc-90"/>
      </symbol>
      <symbol id="sm-f2">
         <name>_Fun_Detect</name>
         <value>0xc001198c</value>
         <object_component_ref idref="oc-89"/>
      </symbol>
      <symbol id="sm-10a">
         <name>_main</name>
         <value>0xc0011d00</value>
         <object_component_ref idref="oc-86"/>
      </symbol>
      <symbol id="sm-10b">
         <name>_Doa_phi</name>
         <value>0xc0013de0</value>
         <object_component_ref idref="oc-41"/>
      </symbol>
      <symbol id="sm-10c">
         <name>_LAMDA</name>
         <value>0xc0013df0</value>
         <object_component_ref idref="oc-41"/>
      </symbol>
      <symbol id="sm-10d">
         <name>_data_r</name>
         <value>0xc000d178</value>
         <object_component_ref idref="oc-44"/>
      </symbol>
      <symbol id="sm-10e">
         <name>_data_l</name>
         <value>0xc0009178</value>
         <object_component_ref idref="oc-44"/>
      </symbol>
      <symbol id="sm-10f">
         <name>_n_point</name>
         <value>0xc0011178</value>
         <object_component_ref idref="oc-44"/>
      </symbol>
      <symbol id="sm-110">
         <name>_FFT_NUM</name>
         <value>0xc0013e10</value>
         <object_component_ref idref="oc-41"/>
      </symbol>
      <symbol id="sm-111">
         <name>_FS</name>
         <value>0xc0013e08</value>
         <object_component_ref idref="oc-41"/>
      </symbol>
      <symbol id="sm-112">
         <name>_FC</name>
         <value>0xc0013df8</value>
         <object_component_ref idref="oc-41"/>
      </symbol>
      <symbol id="sm-113">
         <name>_f_sig</name>
         <value>0xc0011198</value>
         <object_component_ref idref="oc-44"/>
      </symbol>
      <symbol id="sm-114">
         <name>_n_num</name>
         <value>0xc0013e18</value>
         <object_component_ref idref="oc-41"/>
      </symbol>
      <symbol id="sm-115">
         <name>_w_sig</name>
         <value>0xc0011188</value>
         <object_component_ref idref="oc-44"/>
      </symbol>
      <symbol id="sm-116">
         <name>_arraygap</name>
         <value>0xc0013de8</value>
         <object_component_ref idref="oc-41"/>
      </symbol>
      <symbol id="sm-117">
         <name>_C</name>
         <value>0xc0013e00</value>
         <object_component_ref idref="oc-41"/>
      </symbol>
      <symbol id="sm-12b">
         <name>_asin</name>
         <value>0xc0012100</value>
         <object_component_ref idref="oc-8e"/>
      </symbol>
      <symbol id="sm-13b">
         <name>_atan2</name>
         <value>0xc0012400</value>
         <object_component_ref idref="oc-8d"/>
      </symbol>
      <symbol id="sm-14a">
         <name>_c_int00</name>
         <value>0xc0000000</value>
         <object_component_ref idref="oc-22"/>
      </symbol>
      <symbol id="sm-14b">
         <name>__stack</name>
         <value>0xc0012de0</value>
         <object_component_ref idref="oc-51"/>
      </symbol>
      <symbol id="sm-15d">
         <name>__divd</name>
         <value>0xc0011280</value>
         <object_component_ref idref="oc-88"/>
      </symbol>
      <symbol id="sm-167">
         <name>_errno</name>
         <value>0xc0011274</value>
         <object_component_ref idref="oc-59"/>
      </symbol>
      <symbol id="sm-17e">
         <name>C$$EXIT</name>
         <value>0xc0012dc0</value>
         <object_component_ref idref="oc-87"/>
      </symbol>
      <symbol id="sm-17f">
         <name>_exit</name>
         <value>0xc0012aa0</value>
         <object_component_ref idref="oc-82"/>
      </symbol>
      <symbol id="sm-180">
         <name>___TI_enable_exit_profile_output</name>
         <value>0xc0011270</value>
         <object_component_ref idref="oc-5d"/>
      </symbol>
      <symbol id="sm-181">
         <name>_abort</name>
         <value>0xc0012dc0</value>
         <object_component_ref idref="oc-87"/>
      </symbol>
      <symbol id="sm-182">
         <name>__cleanup_ptr</name>
         <value>0xc0011268</value>
         <object_component_ref idref="oc-5d"/>
      </symbol>
      <symbol id="sm-183">
         <name>__dtors_ptr</name>
         <value>0xc001126c</value>
         <object_component_ref idref="oc-5d"/>
      </symbol>
      <symbol id="sm-18d">
         <name>__frcmpyd_div</name>
         <value>0xc0012d40</value>
         <object_component_ref idref="oc-8b"/>
      </symbol>
      <symbol id="sm-19c">
         <name>_frexp</name>
         <value>0xc00126a0</value>
         <object_component_ref idref="oc-91"/>
      </symbol>
      <symbol id="sm-1a6">
         <name>__llshru</name>
         <value>0xc0012d80</value>
         <object_component_ref idref="oc-8a"/>
      </symbol>
      <symbol id="sm-1b2">
         <name>_sqrt</name>
         <value>0xc00128e0</value>
         <object_component_ref idref="oc-93"/>
      </symbol>
      <symbol id="sm-1bc">
         <name>__args_main</name>
         <value>0xc0012d00</value>
         <object_component_ref idref="oc-81"/>
      </symbol>
      <symbol id="sm-1bd">
         <name>__TI_args_main</name>
         <value>0x1</value>
      </symbol>
      <symbol id="sm-1d3">
         <name>_atan</name>
         <value>0xc0011f60</value>
         <object_component_ref idref="oc-92"/>
      </symbol>
      <symbol id="sm-1e2">
         <name>__auto_init</name>
         <value>0xc00129e0</value>
         <object_component_ref idref="oc-80"/>
      </symbol>
      <symbol id="sm-1ef">
         <name>___TI_cpp_init</name>
         <value>0xc0012ca0</value>
         <object_component_ref idref="oc-85"/>
      </symbol>
      <symbol id="sm-1fd">
         <name>_copy_in</name>
         <value>0xc0012b60</value>
         <object_component_ref idref="oc-83"/>
      </symbol>
      <symbol id="sm-205">
         <name>_memcpy</name>
         <value>0xc0012c00</value>
         <object_component_ref idref="oc-84"/>
      </symbol>
   </symbol_table>
</link_info>
