<?xml version="1.0"?>
<link_info>
   <banner>TMS320C6x Linker PC v7.4.4</banner>
   <copyright>Copyright (c) 1996-2013 Texas Instruments Incorporated</copyright>
   <link_time>0x5abdab51</link_time>
   <output_file>3333.out</output_file>
   <entry_point>
      <name>_c_int00</name>
      <address>0xc0000000</address>
   </entry_point>
   <input_file_list>
      <input_file id="fl-2">
         <path>.\MATLAB\</path>
         <kind>object</kind>
         <file>rt_nonfinite.obj</file>
         <name>rt_nonfinite.obj</name>
      </input_file>
      <input_file id="fl-3">
         <path>.\MATLAB\</path>
         <kind>object</kind>
         <file>rtGetNaN.obj</file>
         <name>rtGetNaN.obj</name>
      </input_file>
      <input_file id="fl-4">
         <path>.\MATLAB\</path>
         <kind>object</kind>
         <file>rtGetInf.obj</file>
         <name>rtGetInf.obj</name>
      </input_file>
      <input_file id="fl-5">
         <path>.\MATLAB\</path>
         <kind>object</kind>
         <file>angle.obj</file>
         <name>angle.obj</name>
      </input_file>
      <input_file id="fl-6">
         <path>.\MATLAB\</path>
         <kind>object</kind>
         <file>Fun_Detect_terminate.obj</file>
         <name>Fun_Detect_terminate.obj</name>
      </input_file>
      <input_file id="fl-7">
         <path>.\MATLAB\</path>
         <kind>object</kind>
         <file>Fun_Detect_initialize.obj</file>
         <name>Fun_Detect_initialize.obj</name>
      </input_file>
      <input_file id="fl-8">
         <path>.\MATLAB\</path>
         <kind>object</kind>
         <file>Fun_Detect.obj</file>
         <name>Fun_Detect.obj</name>
      </input_file>
      <input_file id="fl-9">
         <path>.\</path>
         <kind>object</kind>
         <file>main.obj</file>
         <name>main.obj</name>
      </input_file>
      <input_file id="fl-86">
         <path>D:\ti\ccsv5\tools\compiler\c6000_7.4.4\lib\</path>
         <kind>archive</kind>
         <file>rts6740.lib</file>
         <name>asin.obj</name>
      </input_file>
      <input_file id="fl-87">
         <path>D:\ti\ccsv5\tools\compiler\c6000_7.4.4\lib\</path>
         <kind>archive</kind>
         <file>rts6740.lib</file>
         <name>atan2.obj</name>
      </input_file>
      <input_file id="fl-88">
         <path>D:\ti\ccsv5\tools\compiler\c6000_7.4.4\lib\</path>
         <kind>archive</kind>
         <file>rts6740.lib</file>
         <name>boot.obj</name>
      </input_file>
      <input_file id="fl-89">
         <path>D:\ti\ccsv5\tools\compiler\c6000_7.4.4\lib\</path>
         <kind>archive</kind>
         <file>rts6740.lib</file>
         <name>divd.obj</name>
      </input_file>
      <input_file id="fl-8a">
         <path>D:\ti\ccsv5\tools\compiler\c6000_7.4.4\lib\</path>
         <kind>archive</kind>
         <file>rts6740.lib</file>
         <name>errno.obj</name>
      </input_file>
      <input_file id="fl-8b">
         <path>D:\ti\ccsv5\tools\compiler\c6000_7.4.4\lib\</path>
         <kind>archive</kind>
         <file>rts6740.lib</file>
         <name>exit.obj</name>
      </input_file>
      <input_file id="fl-8c">
         <path>D:\ti\ccsv5\tools\compiler\c6000_7.4.4\lib\</path>
         <kind>archive</kind>
         <file>rts6740.lib</file>
         <name>frcmpyd_div.obj</name>
      </input_file>
      <input_file id="fl-8d">
         <path>D:\ti\ccsv5\tools\compiler\c6000_7.4.4\lib\</path>
         <kind>archive</kind>
         <file>rts6740.lib</file>
         <name>frexp.obj</name>
      </input_file>
      <input_file id="fl-8e">
         <path>D:\ti\ccsv5\tools\compiler\c6000_7.4.4\lib\</path>
         <kind>archive</kind>
         <file>rts6740.lib</file>
         <name>llshift.obj</name>
      </input_file>
      <input_file id="fl-8f">
         <path>D:\ti\ccsv5\tools\compiler\c6000_7.4.4\lib\</path>
         <kind>archive</kind>
         <file>rts6740.lib</file>
         <name>sqrt.obj</name>
      </input_file>
      <input_file id="fl-90">
         <path>D:\ti\ccsv5\tools\compiler\c6000_7.4.4\lib\</path>
         <kind>archive</kind>
         <file>rts6740.lib</file>
         <name>args_main.obj</name>
      </input_file>
      <input_file id="fl-91">
         <path>D:\ti\ccsv5\tools\compiler\c6000_7.4.4\lib\</path>
         <kind>archive</kind>
         <file>rts6740.lib</file>
         <name>atan.obj</name>
      </input_file>
      <input_file id="fl-92">
         <path>D:\ti\ccsv5\tools\compiler\c6000_7.4.4\lib\</path>
         <kind>archive</kind>
         <file>rts6740.lib</file>
         <name>autoinit.obj</name>
      </input_file>
      <input_file id="fl-93">
         <path>D:\ti\ccsv5\tools\compiler\c6000_7.4.4\lib\</path>
         <kind>archive</kind>
         <file>rts6740.lib</file>
         <name>cpp_init.obj</name>
      </input_file>
      <input_file id="fl-94">
         <path>D:\ti\ccsv5\tools\compiler\c6000_7.4.4\lib\</path>
         <kind>archive</kind>
         <file>rts6740.lib</file>
         <name>cpy_tbl.obj</name>
      </input_file>
      <input_file id="fl-95">
         <path>D:\ti\ccsv5\tools\compiler\c6000_7.4.4\lib\</path>
         <kind>archive</kind>
         <file>rts6740.lib</file>
         <name>memcpy64.obj</name>
      </input_file>
      <input_file id="fl-96">
         <path>..\MATHLIB\</path>
         <kind>archive</kind>
         <file>mathlib.a674</file>
         <name>sinsp.obj</name>
      </input_file>
      <input_file id="fl-97">
         <path>..\MATHLIB\</path>
         <kind>archive</kind>
         <file>mathlib.a674</file>
         <name>cossp.obj</name>
      </input_file>
      <input_file id="fl-98">
         <path>..\DSPLIB\</path>
         <kind>archive</kind>
         <file>dsplib.a674</file>
         <name>DSPF_sp_cfftr2_dit.o674</name>
      </input_file>
   </input_file_list>
   <object_component_list>
      <object_component id="oc-22">
         <name>.text:_c_int00</name>
         <load_address>0xc0000000</load_address>
         <run_address>0xc0000000</run_address>
         <size>0x80</size>
         <input_file_ref idref="fl-88"/>
      </object_component>
      <object_component id="oc-8c">
         <name>.text</name>
         <load_address>0xc00242a0</load_address>
         <run_address>0xc00242a0</run_address>
         <size>0x9c0</size>
         <input_file_ref idref="fl-9"/>
      </object_component>
      <object_component id="oc-8e">
         <name>.text:__divd</name>
         <load_address>0xc0024c60</load_address>
         <run_address>0xc0024c60</run_address>
         <size>0x5a0</size>
         <input_file_ref idref="fl-89"/>
      </object_component>
      <object_component id="oc-90">
         <name>.text</name>
         <load_address>0xc0025200</load_address>
         <run_address>0xc0025200</run_address>
         <size>0x4e0</size>
         <input_file_ref idref="fl-8"/>
      </object_component>
      <object_component id="oc-82">
         <name>.text:optimized</name>
         <load_address>0xc00256e0</load_address>
         <run_address>0xc00256e0</run_address>
         <size>0x480</size>
         <input_file_ref idref="fl-98"/>
      </object_component>
      <object_component id="oc-99">
         <name>.text:_atan</name>
         <load_address>0xc0025b60</load_address>
         <run_address>0xc0025b60</run_address>
         <size>0x1a0</size>
         <input_file_ref idref="fl-91"/>
      </object_component>
      <object_component id="oc-95">
         <name>.text:_asin</name>
         <load_address>0xc0025d00</load_address>
         <run_address>0xc0025d00</run_address>
         <size>0x180</size>
         <input_file_ref idref="fl-86"/>
      </object_component>
      <object_component id="oc-97">
         <name>.text</name>
         <load_address>0xc0025e80</load_address>
         <run_address>0xc0025e80</run_address>
         <size>0x180</size>
         <input_file_ref idref="fl-4"/>
      </object_component>
      <object_component id="oc-94">
         <name>.text:_atan2</name>
         <load_address>0xc0026000</load_address>
         <run_address>0xc0026000</run_address>
         <size>0x160</size>
         <input_file_ref idref="fl-87"/>
      </object_component>
      <object_component id="oc-93">
         <name>.text</name>
         <load_address>0xc0026160</load_address>
         <run_address>0xc0026160</run_address>
         <size>0x140</size>
         <input_file_ref idref="fl-2"/>
      </object_component>
      <object_component id="oc-98">
         <name>.text:_frexp</name>
         <load_address>0xc00262a0</load_address>
         <run_address>0xc00262a0</run_address>
         <size>0x120</size>
         <input_file_ref idref="fl-8d"/>
      </object_component>
      <object_component id="oc-81">
         <name>.text:optasm</name>
         <load_address>0xc00263c0</load_address>
         <run_address>0xc00263c0</run_address>
         <size>0x120</size>
         <input_file_ref idref="fl-97"/>
      </object_component>
      <object_component id="oc-80">
         <name>.text:optasm</name>
         <load_address>0xc00264e0</load_address>
         <run_address>0xc00264e0</run_address>
         <size>0x120</size>
         <input_file_ref idref="fl-96"/>
      </object_component>
      <object_component id="oc-96">
         <name>.text</name>
         <load_address>0xc0026600</load_address>
         <run_address>0xc0026600</run_address>
         <size>0x120</size>
         <input_file_ref idref="fl-3"/>
      </object_component>
      <object_component id="oc-8f">
         <name>.text:_sqrt</name>
         <load_address>0xc0026720</load_address>
         <run_address>0xc0026720</run_address>
         <size>0x100</size>
         <input_file_ref idref="fl-8f"/>
      </object_component>
      <object_component id="oc-86">
         <name>.text:__auto_init</name>
         <load_address>0xc0026820</load_address>
         <run_address>0xc0026820</run_address>
         <size>0xc0</size>
         <input_file_ref idref="fl-92"/>
      </object_component>
      <object_component id="oc-88">
         <name>.text:_exit</name>
         <load_address>0xc00268e0</load_address>
         <run_address>0xc00268e0</run_address>
         <size>0xc0</size>
         <input_file_ref idref="fl-8b"/>
      </object_component>
      <object_component id="oc-89">
         <name>.text:_copy_in</name>
         <load_address>0xc00269a0</load_address>
         <run_address>0xc00269a0</run_address>
         <size>0xa0</size>
         <input_file_ref idref="fl-94"/>
      </object_component>
      <object_component id="oc-8a">
         <name>.text:_memcpy</name>
         <load_address>0xc0026a40</load_address>
         <run_address>0xc0026a40</run_address>
         <size>0xa0</size>
         <input_file_ref idref="fl-95"/>
      </object_component>
      <object_component id="oc-8b">
         <name>.text:___TI_cpp_init</name>
         <load_address>0xc0026ae0</load_address>
         <run_address>0xc0026ae0</run_address>
         <size>0x60</size>
         <input_file_ref idref="fl-93"/>
      </object_component>
      <object_component id="oc-87">
         <name>.text:__args_main</name>
         <load_address>0xc0026b40</load_address>
         <run_address>0xc0026b40</run_address>
         <size>0x40</size>
         <input_file_ref idref="fl-90"/>
      </object_component>
      <object_component id="oc-92">
         <name>.text:__frcmpyd_div</name>
         <load_address>0xc0026b80</load_address>
         <run_address>0xc0026b80</run_address>
         <size>0x40</size>
         <input_file_ref idref="fl-8c"/>
      </object_component>
      <object_component id="oc-91">
         <name>.text:__llshru</name>
         <load_address>0xc0026bc0</load_address>
         <run_address>0xc0026bc0</run_address>
         <size>0x40</size>
         <input_file_ref idref="fl-8e"/>
      </object_component>
      <object_component id="oc-8d">
         <name>.text:_abort</name>
         <load_address>0xc0026c00</load_address>
         <run_address>0xc0026c00</run_address>
         <size>0x20</size>
         <input_file_ref idref="fl-8b"/>
      </object_component>
      <object_component id="oc-51">
         <name>.stack</name>
         <uninitialized>true</uninitialized>
         <run_address>0xc0026c20</run_address>
         <size>0x8</size>
         <input_file_ref idref="fl-88"/>
      </object_component>
      <object_component id="oc-c1">
         <name>.stack</name>
         <uninitialized>true</uninitialized>
         <run_address>0xc0026c20</run_address>
         <size>0x0</size>
      </object_component>
      <object_component id="oc-29">
         <name>.const</name>
         <load_address>0xc0027d8c</load_address>
         <run_address>0xc0027d8c</run_address>
         <size>0x4</size>
         <input_file_ref idref="fl-3"/>
      </object_component>
      <object_component id="oc-70">
         <name>.cinit</name>
         <load_address>0xc0027c20</load_address>
         <run_address>0xc0027c20</run_address>
         <size>0x70</size>
         <input_file_ref idref="fl-91"/>
      </object_component>
      <object_component id="oc-49">
         <name>.cinit</name>
         <load_address>0xc0027c90</load_address>
         <run_address>0xc0027c90</run_address>
         <size>0x68</size>
         <input_file_ref idref="fl-86"/>
      </object_component>
      <object_component id="oc-43">
         <name>.cinit</name>
         <load_address>0xc0027cf8</load_address>
         <run_address>0xc0027cf8</run_address>
         <size>0x50</size>
         <input_file_ref idref="fl-9"/>
      </object_component>
      <object_component id="oc-5c">
         <name>.cinit</name>
         <load_address>0xc0027d48</load_address>
         <run_address>0xc0027d48</run_address>
         <size>0x2c</size>
         <input_file_ref idref="fl-8b"/>
      </object_component>
      <object_component id="oc-58">
         <name>.cinit</name>
         <load_address>0xc0027d78</load_address>
         <run_address>0xc0027d78</run_address>
         <size>0xc</size>
         <input_file_ref idref="fl-8a"/>
      </object_component>
      <object_component id="oc-23">
         <name>.bss</name>
         <uninitialized>true</uninitialized>
         <run_address>0xc0027dd0</run_address>
         <size>0x24</size>
         <input_file_ref idref="fl-2"/>
      </object_component>
      <object_component id="oc-41">
         <name>.bss</name>
         <uninitialized>true</uninitialized>
         <run_address>0xc0027d90</run_address>
         <size>0x3c</size>
         <input_file_ref idref="fl-9"/>
      </object_component>
      <object_component id="oc-44">
         <name>.far</name>
         <load_address>0xc0001000</load_address>
         <run_address>0xc0001000</run_address>
         <size>0x231d0</size>
         <input_file_ref idref="fl-9"/>
      </object_component>
      <object_component id="oc-4a">
         <name>.far</name>
         <load_address>0xc00241d0</load_address>
         <run_address>0xc00241d0</run_address>
         <size>0x60</size>
         <input_file_ref idref="fl-86"/>
      </object_component>
      <object_component id="oc-71">
         <name>.far</name>
         <load_address>0xc0024230</load_address>
         <run_address>0xc0024230</run_address>
         <size>0x60</size>
         <input_file_ref idref="fl-91"/>
      </object_component>
      <object_component id="oc-5d">
         <name>.far</name>
         <load_address>0xc0024290</load_address>
         <run_address>0xc0024290</run_address>
         <size>0xc</size>
         <input_file_ref idref="fl-8b"/>
      </object_component>
      <object_component id="oc-59">
         <name>.far</name>
         <load_address>0xc002429c</load_address>
         <run_address>0xc002429c</run_address>
         <size>0x4</size>
         <input_file_ref idref="fl-8a"/>
      </object_component>
      <object_component id="oc-24">
         <name>.debug_info</name>
         <load_address>0x0</load_address>
         <run_address>0x0</run_address>
         <size>0xa94</size>
         <input_file_ref idref="fl-2"/>
      </object_component>
      <object_component id="oc-28">
         <name>.debug_info</name>
         <load_address>0xa94</load_address>
         <run_address>0xa94</run_address>
         <size>0x9ce</size>
         <input_file_ref idref="fl-3"/>
      </object_component>
      <object_component id="oc-2d">
         <name>.debug_info</name>
         <load_address>0x1462</load_address>
         <run_address>0x1462</run_address>
         <size>0xb82</size>
         <input_file_ref idref="fl-4"/>
      </object_component>
      <object_component id="oc-31">
         <name>.debug_info</name>
         <load_address>0x1fe4</load_address>
         <run_address>0x1fe4</run_address>
         <size>0x693</size>
         <input_file_ref idref="fl-5"/>
      </object_component>
      <object_component id="oc-35">
         <name>.debug_info</name>
         <load_address>0x2677</load_address>
         <run_address>0x2677</run_address>
         <size>0x5d4</size>
         <input_file_ref idref="fl-6"/>
      </object_component>
      <object_component id="oc-39">
         <name>.debug_info</name>
         <load_address>0x2c4b</load_address>
         <run_address>0x2c4b</run_address>
         <size>0x60e</size>
         <input_file_ref idref="fl-7"/>
      </object_component>
      <object_component id="oc-3d">
         <name>.debug_info</name>
         <load_address>0x3259</load_address>
         <run_address>0x3259</run_address>
         <size>0xa7a</size>
         <input_file_ref idref="fl-8"/>
      </object_component>
      <object_component id="oc-42">
         <name>.debug_info</name>
         <load_address>0x3cd3</load_address>
         <run_address>0x3cd3</run_address>
         <size>0x1302</size>
         <input_file_ref idref="fl-9"/>
      </object_component>
      <object_component id="oc-48">
         <name>.debug_info</name>
         <load_address>0x4fd5</load_address>
         <run_address>0x4fd5</run_address>
         <size>0x6e2</size>
         <input_file_ref idref="fl-86"/>
      </object_component>
      <object_component id="oc-4d">
         <name>.debug_info</name>
         <load_address>0x56b7</load_address>
         <run_address>0x56b7</run_address>
         <size>0x69d</size>
         <input_file_ref idref="fl-87"/>
      </object_component>
      <object_component id="oc-50">
         <name>.debug_info</name>
         <load_address>0x5d54</load_address>
         <run_address>0x5d54</run_address>
         <size>0x6f2</size>
         <input_file_ref idref="fl-88"/>
      </object_component>
      <object_component id="oc-54">
         <name>.debug_info</name>
         <load_address>0x6446</load_address>
         <run_address>0x6446</run_address>
         <size>0x96a</size>
         <input_file_ref idref="fl-89"/>
      </object_component>
      <object_component id="oc-57">
         <name>.debug_info</name>
         <load_address>0x6db0</load_address>
         <run_address>0x6db0</run_address>
         <size>0x5c9</size>
         <input_file_ref idref="fl-8a"/>
      </object_component>
      <object_component id="oc-5b">
         <name>.debug_info</name>
         <load_address>0x7379</load_address>
         <run_address>0x7379</run_address>
         <size>0x7bf</size>
         <input_file_ref idref="fl-8b"/>
      </object_component>
      <object_component id="oc-60">
         <name>.debug_info</name>
         <load_address>0x7b38</load_address>
         <run_address>0x7b38</run_address>
         <size>0x653</size>
         <input_file_ref idref="fl-8c"/>
      </object_component>
      <object_component id="oc-63">
         <name>.debug_info</name>
         <load_address>0x818b</load_address>
         <run_address>0x818b</run_address>
         <size>0x682</size>
         <input_file_ref idref="fl-8d"/>
      </object_component>
      <object_component id="oc-66">
         <name>.debug_info</name>
         <load_address>0x880d</load_address>
         <run_address>0x880d</run_address>
         <size>0x672</size>
         <input_file_ref idref="fl-8e"/>
      </object_component>
      <object_component id="oc-69">
         <name>.debug_info</name>
         <load_address>0x8e7f</load_address>
         <run_address>0x8e7f</run_address>
         <size>0x85c</size>
         <input_file_ref idref="fl-8f"/>
      </object_component>
      <object_component id="oc-6c">
         <name>.debug_info</name>
         <load_address>0x96db</load_address>
         <run_address>0x96db</run_address>
         <size>0x6c8</size>
         <input_file_ref idref="fl-90"/>
      </object_component>
      <object_component id="oc-6f">
         <name>.debug_info</name>
         <load_address>0x9da3</load_address>
         <run_address>0x9da3</run_address>
         <size>0x676</size>
         <input_file_ref idref="fl-91"/>
      </object_component>
      <object_component id="oc-74">
         <name>.debug_info</name>
         <load_address>0xa419</load_address>
         <run_address>0xa419</run_address>
         <size>0x83e</size>
         <input_file_ref idref="fl-92"/>
      </object_component>
      <object_component id="oc-77">
         <name>.debug_info</name>
         <load_address>0xac57</load_address>
         <run_address>0xac57</run_address>
         <size>0x6b6</size>
         <input_file_ref idref="fl-93"/>
      </object_component>
      <object_component id="oc-7a">
         <name>.debug_info</name>
         <load_address>0xb30d</load_address>
         <run_address>0xb30d</run_address>
         <size>0x7ac</size>
         <input_file_ref idref="fl-94"/>
      </object_component>
      <object_component id="oc-7d">
         <name>.debug_info</name>
         <load_address>0xbab9</load_address>
         <run_address>0xbab9</run_address>
         <size>0xcc</size>
         <input_file_ref idref="fl-95"/>
      </object_component>
      <object_component id="oc-83">
         <name>.debug_info</name>
         <load_address>0xbb85</load_address>
         <run_address>0xbb85</run_address>
         <size>0x108</size>
         <input_file_ref idref="fl-98"/>
      </object_component>
      <object_component id="oc-d5">
         <name>.debug_info</name>
         <load_address>0xbc8d</load_address>
         <run_address>0xbc8d</run_address>
         <size>0x6d</size>
      </object_component>
      <object_component id="oc-25">
         <name>.debug_frame</name>
         <load_address>0x0</load_address>
         <run_address>0x0</run_address>
         <size>0x2c9</size>
         <input_file_ref idref="fl-2"/>
      </object_component>
      <object_component id="oc-2a">
         <name>.debug_frame</name>
         <load_address>0x2c9</load_address>
         <run_address>0x2c9</run_address>
         <size>0x278</size>
         <input_file_ref idref="fl-3"/>
      </object_component>
      <object_component id="oc-2e">
         <name>.debug_frame</name>
         <load_address>0x541</load_address>
         <run_address>0x541</run_address>
         <size>0x2b1</size>
         <input_file_ref idref="fl-4"/>
      </object_component>
      <object_component id="oc-32">
         <name>.debug_frame</name>
         <load_address>0x7f2</load_address>
         <run_address>0x7f2</run_address>
         <size>0x23f</size>
         <input_file_ref idref="fl-5"/>
      </object_component>
      <object_component id="oc-36">
         <name>.debug_frame</name>
         <load_address>0xa31</load_address>
         <run_address>0xa31</run_address>
         <size>0x23f</size>
         <input_file_ref idref="fl-6"/>
      </object_component>
      <object_component id="oc-3a">
         <name>.debug_frame</name>
         <load_address>0xc70</load_address>
         <run_address>0xc70</run_address>
         <size>0x23f</size>
         <input_file_ref idref="fl-7"/>
      </object_component>
      <object_component id="oc-3e">
         <name>.debug_frame</name>
         <load_address>0xeaf</load_address>
         <run_address>0xeaf</run_address>
         <size>0x27e</size>
         <input_file_ref idref="fl-8"/>
      </object_component>
      <object_component id="oc-45">
         <name>.debug_frame</name>
         <load_address>0x112d</load_address>
         <run_address>0x112d</run_address>
         <size>0x2b9</size>
         <input_file_ref idref="fl-9"/>
      </object_component>
      <object_component id="oc-26">
         <name>.debug_line</name>
         <load_address>0x0</load_address>
         <run_address>0x0</run_address>
         <size>0xb7</size>
         <input_file_ref idref="fl-2"/>
      </object_component>
      <object_component id="oc-2b">
         <name>.debug_line</name>
         <load_address>0xb7</load_address>
         <run_address>0xb7</run_address>
         <size>0xa9</size>
         <input_file_ref idref="fl-3"/>
      </object_component>
      <object_component id="oc-2f">
         <name>.debug_line</name>
         <load_address>0x160</load_address>
         <run_address>0x160</run_address>
         <size>0xeb</size>
         <input_file_ref idref="fl-4"/>
      </object_component>
      <object_component id="oc-33">
         <name>.debug_line</name>
         <load_address>0x24b</load_address>
         <run_address>0x24b</run_address>
         <size>0x2f</size>
         <input_file_ref idref="fl-5"/>
      </object_component>
      <object_component id="oc-37">
         <name>.debug_line</name>
         <load_address>0x27a</load_address>
         <run_address>0x27a</run_address>
         <size>0x3e</size>
         <input_file_ref idref="fl-6"/>
      </object_component>
      <object_component id="oc-3b">
         <name>.debug_line</name>
         <load_address>0x2b8</load_address>
         <run_address>0x2b8</run_address>
         <size>0x3f</size>
         <input_file_ref idref="fl-7"/>
      </object_component>
      <object_component id="oc-3f">
         <name>.debug_line</name>
         <load_address>0x2f7</load_address>
         <run_address>0x2f7</run_address>
         <size>0xdd</size>
         <input_file_ref idref="fl-8"/>
      </object_component>
      <object_component id="oc-46">
         <name>.debug_line</name>
         <load_address>0x3d4</load_address>
         <run_address>0x3d4</run_address>
         <size>0x1e4</size>
         <input_file_ref idref="fl-9"/>
      </object_component>
      <object_component id="oc-4b">
         <name>.debug_line</name>
         <load_address>0x5b8</load_address>
         <run_address>0x5b8</run_address>
         <size>0x55</size>
         <input_file_ref idref="fl-86"/>
      </object_component>
      <object_component id="oc-4e">
         <name>.debug_line</name>
         <load_address>0x60d</load_address>
         <run_address>0x60d</run_address>
         <size>0x3a</size>
         <input_file_ref idref="fl-87"/>
      </object_component>
      <object_component id="oc-52">
         <name>.debug_line</name>
         <load_address>0x647</load_address>
         <run_address>0x647</run_address>
         <size>0x3d</size>
         <input_file_ref idref="fl-88"/>
      </object_component>
      <object_component id="oc-55">
         <name>.debug_line</name>
         <load_address>0x684</load_address>
         <run_address>0x684</run_address>
         <size>0x3c</size>
         <input_file_ref idref="fl-89"/>
      </object_component>
      <object_component id="oc-5e">
         <name>.debug_line</name>
         <load_address>0x6c0</load_address>
         <run_address>0x6c0</run_address>
         <size>0x4f</size>
         <input_file_ref idref="fl-8b"/>
      </object_component>
      <object_component id="oc-61">
         <name>.debug_line</name>
         <load_address>0x70f</load_address>
         <run_address>0x70f</run_address>
         <size>0x3e</size>
         <input_file_ref idref="fl-8c"/>
      </object_component>
      <object_component id="oc-64">
         <name>.debug_line</name>
         <load_address>0x74d</load_address>
         <run_address>0x74d</run_address>
         <size>0x38</size>
         <input_file_ref idref="fl-8d"/>
      </object_component>
      <object_component id="oc-67">
         <name>.debug_line</name>
         <load_address>0x785</load_address>
         <run_address>0x785</run_address>
         <size>0x3f</size>
         <input_file_ref idref="fl-8e"/>
      </object_component>
      <object_component id="oc-6a">
         <name>.debug_line</name>
         <load_address>0x7c4</load_address>
         <run_address>0x7c4</run_address>
         <size>0x68</size>
         <input_file_ref idref="fl-8f"/>
      </object_component>
      <object_component id="oc-6d">
         <name>.debug_line</name>
         <load_address>0x82c</load_address>
         <run_address>0x82c</run_address>
         <size>0x3f</size>
         <input_file_ref idref="fl-90"/>
      </object_component>
      <object_component id="oc-72">
         <name>.debug_line</name>
         <load_address>0x86b</load_address>
         <run_address>0x86b</run_address>
         <size>0x53</size>
         <input_file_ref idref="fl-91"/>
      </object_component>
      <object_component id="oc-75">
         <name>.debug_line</name>
         <load_address>0x8be</load_address>
         <run_address>0x8be</run_address>
         <size>0x49</size>
         <input_file_ref idref="fl-92"/>
      </object_component>
      <object_component id="oc-78">
         <name>.debug_line</name>
         <load_address>0x907</load_address>
         <run_address>0x907</run_address>
         <size>0x45</size>
         <input_file_ref idref="fl-93"/>
      </object_component>
      <object_component id="oc-7b">
         <name>.debug_line</name>
         <load_address>0x94c</load_address>
         <run_address>0x94c</run_address>
         <size>0x44</size>
         <input_file_ref idref="fl-94"/>
      </object_component>
      <object_component id="oc-7e">
         <name>.debug_line</name>
         <load_address>0x990</load_address>
         <run_address>0x990</run_address>
         <size>0x4a</size>
         <input_file_ref idref="fl-95"/>
      </object_component>
      <object_component id="oc-84">
         <name>.debug_line</name>
         <load_address>0x9da</load_address>
         <run_address>0x9da</run_address>
         <size>0xa2</size>
         <input_file_ref idref="fl-98"/>
      </object_component>
      <object_component id="oc-27">
         <name>.debug_abbrev</name>
         <load_address>0x0</load_address>
         <run_address>0x0</run_address>
         <size>0xe5</size>
         <input_file_ref idref="fl-2"/>
      </object_component>
      <object_component id="oc-2c">
         <name>.debug_abbrev</name>
         <load_address>0xe5</load_address>
         <run_address>0xe5</run_address>
         <size>0xd0</size>
         <input_file_ref idref="fl-3"/>
      </object_component>
      <object_component id="oc-30">
         <name>.debug_abbrev</name>
         <load_address>0x1b5</load_address>
         <run_address>0x1b5</run_address>
         <size>0xc9</size>
         <input_file_ref idref="fl-4"/>
      </object_component>
      <object_component id="oc-34">
         <name>.debug_abbrev</name>
         <load_address>0x27e</load_address>
         <run_address>0x27e</run_address>
         <size>0x12e</size>
         <input_file_ref idref="fl-5"/>
      </object_component>
      <object_component id="oc-38">
         <name>.debug_abbrev</name>
         <load_address>0x3ac</load_address>
         <run_address>0x3ac</run_address>
         <size>0x69</size>
         <input_file_ref idref="fl-6"/>
      </object_component>
      <object_component id="oc-3c">
         <name>.debug_abbrev</name>
         <load_address>0x415</load_address>
         <run_address>0x415</run_address>
         <size>0x97</size>
         <input_file_ref idref="fl-7"/>
      </object_component>
      <object_component id="oc-40">
         <name>.debug_abbrev</name>
         <load_address>0x4ac</load_address>
         <run_address>0x4ac</run_address>
         <size>0x13b</size>
         <input_file_ref idref="fl-8"/>
      </object_component>
      <object_component id="oc-47">
         <name>.debug_abbrev</name>
         <load_address>0x5e7</load_address>
         <run_address>0x5e7</run_address>
         <size>0x16d</size>
         <input_file_ref idref="fl-9"/>
      </object_component>
      <object_component id="oc-4c">
         <name>.debug_abbrev</name>
         <load_address>0x754</load_address>
         <run_address>0x754</run_address>
         <size>0xd3</size>
         <input_file_ref idref="fl-86"/>
      </object_component>
      <object_component id="oc-4f">
         <name>.debug_abbrev</name>
         <load_address>0x827</load_address>
         <run_address>0x827</run_address>
         <size>0xbf</size>
         <input_file_ref idref="fl-87"/>
      </object_component>
      <object_component id="oc-53">
         <name>.debug_abbrev</name>
         <load_address>0x8e6</load_address>
         <run_address>0x8e6</run_address>
         <size>0xfe</size>
         <input_file_ref idref="fl-88"/>
      </object_component>
      <object_component id="oc-56">
         <name>.debug_abbrev</name>
         <load_address>0x9e4</load_address>
         <run_address>0x9e4</run_address>
         <size>0xf5</size>
         <input_file_ref idref="fl-89"/>
      </object_component>
      <object_component id="oc-5a">
         <name>.debug_abbrev</name>
         <load_address>0xad9</load_address>
         <run_address>0xad9</run_address>
         <size>0x44</size>
         <input_file_ref idref="fl-8a"/>
      </object_component>
      <object_component id="oc-5f">
         <name>.debug_abbrev</name>
         <load_address>0xb1d</load_address>
         <run_address>0xb1d</run_address>
         <size>0x119</size>
         <input_file_ref idref="fl-8b"/>
      </object_component>
      <object_component id="oc-62">
         <name>.debug_abbrev</name>
         <load_address>0xc36</load_address>
         <run_address>0xc36</run_address>
         <size>0x8c</size>
         <input_file_ref idref="fl-8c"/>
      </object_component>
      <object_component id="oc-65">
         <name>.debug_abbrev</name>
         <load_address>0xcc2</load_address>
         <run_address>0xcc2</run_address>
         <size>0xb1</size>
         <input_file_ref idref="fl-8d"/>
      </object_component>
      <object_component id="oc-68">
         <name>.debug_abbrev</name>
         <load_address>0xd73</load_address>
         <run_address>0xd73</run_address>
         <size>0xa3</size>
         <input_file_ref idref="fl-8e"/>
      </object_component>
      <object_component id="oc-6b">
         <name>.debug_abbrev</name>
         <load_address>0xe16</load_address>
         <run_address>0xe16</run_address>
         <size>0x102</size>
         <input_file_ref idref="fl-8f"/>
      </object_component>
      <object_component id="oc-6e">
         <name>.debug_abbrev</name>
         <load_address>0xf18</load_address>
         <run_address>0xf18</run_address>
         <size>0xe1</size>
         <input_file_ref idref="fl-90"/>
      </object_component>
      <object_component id="oc-73">
         <name>.debug_abbrev</name>
         <load_address>0xff9</load_address>
         <run_address>0xff9</run_address>
         <size>0xac</size>
         <input_file_ref idref="fl-91"/>
      </object_component>
      <object_component id="oc-76">
         <name>.debug_abbrev</name>
         <load_address>0x10a5</load_address>
         <run_address>0x10a5</run_address>
         <size>0x13f</size>
         <input_file_ref idref="fl-92"/>
      </object_component>
      <object_component id="oc-79">
         <name>.debug_abbrev</name>
         <load_address>0x11e4</load_address>
         <run_address>0x11e4</run_address>
         <size>0xdd</size>
         <input_file_ref idref="fl-93"/>
      </object_component>
      <object_component id="oc-7c">
         <name>.debug_abbrev</name>
         <load_address>0x12c1</load_address>
         <run_address>0x12c1</run_address>
         <size>0x10c</size>
         <input_file_ref idref="fl-94"/>
      </object_component>
      <object_component id="oc-7f">
         <name>.debug_abbrev</name>
         <load_address>0x13cd</load_address>
         <run_address>0x13cd</run_address>
         <size>0x3a</size>
         <input_file_ref idref="fl-95"/>
      </object_component>
      <object_component id="oc-85">
         <name>.debug_abbrev</name>
         <load_address>0x1407</load_address>
         <run_address>0x1407</run_address>
         <size>0x23</size>
         <input_file_ref idref="fl-98"/>
      </object_component>
      <object_component id="oc-d6">
         <name>.debug_abbrev</name>
         <load_address>0x142a</load_address>
         <run_address>0x142a</run_address>
         <size>0xd</size>
      </object_component>
   </object_component_list>
   <logical_group_list>
      <logical_group id="lg-2">
         <name>.text:_c_int00</name>
         <load_address>0xc0000000</load_address>
         <run_address>0xc0000000</run_address>
         <size>0x80</size>
         <contents>
            <object_component_ref idref="oc-22"/>
         </contents>
      </logical_group>
      <logical_group id="lg-3">
         <name>.text</name>
         <load_address>0xc00242a0</load_address>
         <run_address>0xc00242a0</run_address>
         <size>0x2980</size>
         <contents>
            <object_component_ref idref="oc-8c"/>
            <object_component_ref idref="oc-8e"/>
            <object_component_ref idref="oc-90"/>
            <object_component_ref idref="oc-82"/>
            <object_component_ref idref="oc-99"/>
            <object_component_ref idref="oc-95"/>
            <object_component_ref idref="oc-97"/>
            <object_component_ref idref="oc-94"/>
            <object_component_ref idref="oc-93"/>
            <object_component_ref idref="oc-98"/>
            <object_component_ref idref="oc-81"/>
            <object_component_ref idref="oc-80"/>
            <object_component_ref idref="oc-96"/>
            <object_component_ref idref="oc-8f"/>
            <object_component_ref idref="oc-86"/>
            <object_component_ref idref="oc-88"/>
            <object_component_ref idref="oc-89"/>
            <object_component_ref idref="oc-8a"/>
            <object_component_ref idref="oc-8b"/>
            <object_component_ref idref="oc-87"/>
            <object_component_ref idref="oc-92"/>
            <object_component_ref idref="oc-91"/>
            <object_component_ref idref="oc-8d"/>
         </contents>
      </logical_group>
      <logical_group id="lg-4">
         <name>.stack</name>
         <run_address>0xc0026c20</run_address>
         <size>0x1000</size>
         <contents>
            <object_component_ref idref="oc-51"/>
            <object_component_ref idref="oc-c1"/>
         </contents>
      </logical_group>
      <logical_group id="lg-5">
         <name>.cio</name>
         <run_address>0x0</run_address>
         <size>0x0</size>
         <contents>
         </contents>
      </logical_group>
      <logical_group id="lg-6">
         <name>.vectors</name>
         <run_address>0x0</run_address>
         <size>0x0</size>
         <contents>
         </contents>
      </logical_group>
      <logical_group id="lg-7">
         <name>.const</name>
         <load_address>0xc0027d8c</load_address>
         <run_address>0xc0027d8c</run_address>
         <size>0x4</size>
         <contents>
            <object_component_ref idref="oc-29"/>
         </contents>
      </logical_group>
      <logical_group id="lg-8">
         <name>.data</name>
         <run_address>0xc0001000</run_address>
         <size>0x0</size>
         <contents>
         </contents>
      </logical_group>
      <logical_group id="lg-9">
         <name>.switch</name>
         <run_address>0x0</run_address>
         <size>0x0</size>
         <contents>
         </contents>
      </logical_group>
      <logical_group id="lg-a">
         <name>.sysmem</name>
         <run_address>0x0</run_address>
         <size>0x0</size>
         <contents>
         </contents>
      </logical_group>
      <logical_group id="lg-b">
         <name>.args</name>
         <run_address>0x0</run_address>
         <size>0x0</size>
         <contents>
         </contents>
      </logical_group>
      <logical_group id="lg-c">
         <name>.ppinfo</name>
         <run_address>0x0</run_address>
         <size>0x0</size>
         <contents>
         </contents>
      </logical_group>
      <logical_group id="lg-d">
         <name>.ppdata</name>
         <run_address>0x0</run_address>
         <size>0x0</size>
         <contents>
         </contents>
      </logical_group>
      <logical_group id="lg-e">
         <name>.pinit</name>
         <run_address>0x0</run_address>
         <size>0x0</size>
         <contents>
         </contents>
      </logical_group>
      <logical_group id="lg-f">
         <name>.cinit</name>
         <load_address>0xc0027c20</load_address>
         <run_address>0xc0027c20</run_address>
         <size>0x16c</size>
         <contents>
            <object_component_ref idref="oc-70"/>
            <object_component_ref idref="oc-49"/>
            <object_component_ref idref="oc-43"/>
            <object_component_ref idref="oc-5c"/>
            <object_component_ref idref="oc-58"/>
         </contents>
      </logical_group>
      <logical_group id="lg-10">
         <name>.binit</name>
         <run_address>0x0</run_address>
         <size>0x0</size>
         <contents>
         </contents>
      </logical_group>
      <logical_group id="lg-11">
         <name>.init_array</name>
         <run_address>0x0</run_address>
         <size>0x0</size>
         <contents>
         </contents>
      </logical_group>
      <logical_group id="lg-12">
         <name>.fardata</name>
         <run_address>0x0</run_address>
         <size>0x0</size>
         <contents>
         </contents>
      </logical_group>
      <logical_group id="lg-13">
         <name>.c6xabi.exidx</name>
         <run_address>0x0</run_address>
         <size>0x0</size>
         <contents>
         </contents>
      </logical_group>
      <logical_group id="lg-14">
         <name>.c6xabi.extab</name>
         <run_address>0x0</run_address>
         <size>0x0</size>
         <contents>
         </contents>
      </logical_group>
      <logical_group id="lg-15">
         <name>.init_array</name>
         <run_address>0x0</run_address>
         <size>0x0</size>
         <contents>
         </contents>
      </logical_group>
      <logical_group id="lg-17">
         <name>.neardata</name>
         <run_address>0xc0027d90</run_address>
         <size>0x0</size>
         <contents>
         </contents>
      </logical_group>
      <logical_group id="lg-18">
         <name>.rodata</name>
         <run_address>0xc0027d90</run_address>
         <size>0x0</size>
         <contents>
         </contents>
      </logical_group>
      <logical_group id="lg-19">
         <name>.bss</name>
         <run_address>0xc0027d90</run_address>
         <size>0x64</size>
         <contents>
            <object_component_ref idref="oc-23"/>
            <object_component_ref idref="oc-41"/>
         </contents>
      </logical_group>
      <logical_group id="lg-16">
         <name>NEARDP_DATA</name>
         <run_address>0xc0027d90</run_address>
         <size>0x64</size>
         <contents>
            <logical_group_ref idref="lg-17"/>
            <logical_group_ref idref="lg-18"/>
            <logical_group_ref idref="lg-19"/>
         </contents>
      </logical_group>
      <logical_group id="lg-1a">
         <name>.far</name>
         <load_address>0xc0001000</load_address>
         <run_address>0xc0001000</run_address>
         <size>0x232a0</size>
         <contents>
            <object_component_ref idref="oc-44"/>
            <object_component_ref idref="oc-4a"/>
            <object_component_ref idref="oc-71"/>
            <object_component_ref idref="oc-5d"/>
            <object_component_ref idref="oc-59"/>
         </contents>
      </logical_group>
      <logical_group id="lg-1b">
         <name>.buffer</name>
         <run_address>0x0</run_address>
         <size>0x0</size>
         <contents>
         </contents>
      </logical_group>
      <logical_group id="lg-1c">
         <name>.Reg_SYSCFG0</name>
         <run_address>0x0</run_address>
         <size>0x0</size>
         <contents>
         </contents>
      </logical_group>
      <logical_group id="lg-1d">
         <name>.Reg_uPP</name>
         <run_address>0x0</run_address>
         <size>0x0</size>
         <contents>
         </contents>
      </logical_group>
      <logical_group id="lg-1e">
         <name>.Reg_GPIO</name>
         <run_address>0x0</run_address>
         <size>0x0</size>
         <contents>
         </contents>
      </logical_group>
      <logical_group id="lg-1f">
         <name>.Reg_McBSP1</name>
         <run_address>0x0</run_address>
         <size>0x0</size>
         <contents>
         </contents>
      </logical_group>
      <logical_group id="lg-20">
         <name>.extram</name>
         <load_address>0xc0001000</load_address>
         <run_address>0xc0001000</run_address>
         <size>0x4000000</size>
         <contents>
         </contents>
      </logical_group>
      <logical_group id="lg-b8">
         <name>.debug_info</name>
         <load_address>0x0</load_address>
         <run_address>0x0</run_address>
         <size>0xbcfa</size>
         <contents>
            <object_component_ref idref="oc-24"/>
            <object_component_ref idref="oc-28"/>
            <object_component_ref idref="oc-2d"/>
            <object_component_ref idref="oc-31"/>
            <object_component_ref idref="oc-35"/>
            <object_component_ref idref="oc-39"/>
            <object_component_ref idref="oc-3d"/>
            <object_component_ref idref="oc-42"/>
            <object_component_ref idref="oc-48"/>
            <object_component_ref idref="oc-4d"/>
            <object_component_ref idref="oc-50"/>
            <object_component_ref idref="oc-54"/>
            <object_component_ref idref="oc-57"/>
            <object_component_ref idref="oc-5b"/>
            <object_component_ref idref="oc-60"/>
            <object_component_ref idref="oc-63"/>
            <object_component_ref idref="oc-66"/>
            <object_component_ref idref="oc-69"/>
            <object_component_ref idref="oc-6c"/>
            <object_component_ref idref="oc-6f"/>
            <object_component_ref idref="oc-74"/>
            <object_component_ref idref="oc-77"/>
            <object_component_ref idref="oc-7a"/>
            <object_component_ref idref="oc-7d"/>
            <object_component_ref idref="oc-83"/>
            <object_component_ref idref="oc-d5"/>
         </contents>
      </logical_group>
      <logical_group id="lg-ba">
         <name>.debug_frame</name>
         <load_address>0x0</load_address>
         <run_address>0x0</run_address>
         <size>0x13e6</size>
         <contents>
            <object_component_ref idref="oc-25"/>
            <object_component_ref idref="oc-2a"/>
            <object_component_ref idref="oc-2e"/>
            <object_component_ref idref="oc-32"/>
            <object_component_ref idref="oc-36"/>
            <object_component_ref idref="oc-3a"/>
            <object_component_ref idref="oc-3e"/>
            <object_component_ref idref="oc-45"/>
         </contents>
      </logical_group>
      <logical_group id="lg-bc">
         <name>.debug_line</name>
         <load_address>0x0</load_address>
         <run_address>0x0</run_address>
         <size>0xa7c</size>
         <contents>
            <object_component_ref idref="oc-26"/>
            <object_component_ref idref="oc-2b"/>
            <object_component_ref idref="oc-2f"/>
            <object_component_ref idref="oc-33"/>
            <object_component_ref idref="oc-37"/>
            <object_component_ref idref="oc-3b"/>
            <object_component_ref idref="oc-3f"/>
            <object_component_ref idref="oc-46"/>
            <object_component_ref idref="oc-4b"/>
            <object_component_ref idref="oc-4e"/>
            <object_component_ref idref="oc-52"/>
            <object_component_ref idref="oc-55"/>
            <object_component_ref idref="oc-5e"/>
            <object_component_ref idref="oc-61"/>
            <object_component_ref idref="oc-64"/>
            <object_component_ref idref="oc-67"/>
            <object_component_ref idref="oc-6a"/>
            <object_component_ref idref="oc-6d"/>
            <object_component_ref idref="oc-72"/>
            <object_component_ref idref="oc-75"/>
            <object_component_ref idref="oc-78"/>
            <object_component_ref idref="oc-7b"/>
            <object_component_ref idref="oc-7e"/>
            <object_component_ref idref="oc-84"/>
         </contents>
      </logical_group>
      <logical_group id="lg-be">
         <name>.debug_abbrev</name>
         <load_address>0x0</load_address>
         <run_address>0x0</run_address>
         <size>0x1437</size>
         <contents>
            <object_component_ref idref="oc-27"/>
            <object_component_ref idref="oc-2c"/>
            <object_component_ref idref="oc-30"/>
            <object_component_ref idref="oc-34"/>
            <object_component_ref idref="oc-38"/>
            <object_component_ref idref="oc-3c"/>
            <object_component_ref idref="oc-40"/>
            <object_component_ref idref="oc-47"/>
            <object_component_ref idref="oc-4c"/>
            <object_component_ref idref="oc-4f"/>
            <object_component_ref idref="oc-53"/>
            <object_component_ref idref="oc-56"/>
            <object_component_ref idref="oc-5a"/>
            <object_component_ref idref="oc-5f"/>
            <object_component_ref idref="oc-62"/>
            <object_component_ref idref="oc-65"/>
            <object_component_ref idref="oc-68"/>
            <object_component_ref idref="oc-6b"/>
            <object_component_ref idref="oc-6e"/>
            <object_component_ref idref="oc-73"/>
            <object_component_ref idref="oc-76"/>
            <object_component_ref idref="oc-79"/>
            <object_component_ref idref="oc-7c"/>
            <object_component_ref idref="oc-7f"/>
            <object_component_ref idref="oc-85"/>
            <object_component_ref idref="oc-d6"/>
         </contents>
      </logical_group>
   </logical_group_list>
   <placement_map>
      <memory_area>
         <name>SYSCFG0</name>
         <page_id>0x0</page_id>
         <origin>0x1c14000</origin>
         <length>0x1000</length>
         <used_space>0x0</used_space>
         <unused_space>0x1000</unused_space>
         <attributes>RWIX</attributes>
         <usage_details>
         </usage_details>
      </memory_area>
      <memory_area>
         <name>McBSP1</name>
         <page_id>0x0</page_id>
         <origin>0x1d11000</origin>
         <length>0x800</length>
         <used_space>0x0</used_space>
         <unused_space>0x800</unused_space>
         <attributes>RWIX</attributes>
         <usage_details>
         </usage_details>
      </memory_area>
      <memory_area>
         <name>uPP</name>
         <page_id>0x0</page_id>
         <origin>0x1e16000</origin>
         <length>0x1000</length>
         <used_space>0x0</used_space>
         <unused_space>0x1000</unused_space>
         <attributes>RWIX</attributes>
         <usage_details>
         </usage_details>
      </memory_area>
      <memory_area>
         <name>GPIO</name>
         <page_id>0x0</page_id>
         <origin>0x1e26000</origin>
         <length>0x1000</length>
         <used_space>0x0</used_space>
         <unused_space>0x1000</unused_space>
         <attributes>RWIX</attributes>
         <usage_details>
         </usage_details>
      </memory_area>
      <memory_area>
         <name>SHDSPL2ROM</name>
         <page_id>0x0</page_id>
         <origin>0x11700000</origin>
         <length>0x100000</length>
         <used_space>0x0</used_space>
         <unused_space>0x100000</unused_space>
         <attributes>RWIX</attributes>
         <usage_details>
         </usage_details>
      </memory_area>
      <memory_area>
         <name>SHDSPL2RAM</name>
         <page_id>0x0</page_id>
         <origin>0x11800000</origin>
         <length>0x40000</length>
         <used_space>0x0</used_space>
         <unused_space>0x40000</unused_space>
         <attributes>RWIX</attributes>
         <usage_details>
         </usage_details>
      </memory_area>
      <memory_area>
         <name>SHDSPL1PRAM</name>
         <page_id>0x0</page_id>
         <origin>0x11e00000</origin>
         <length>0x8000</length>
         <used_space>0x0</used_space>
         <unused_space>0x8000</unused_space>
         <attributes>RWIX</attributes>
         <usage_details>
         </usage_details>
      </memory_area>
      <memory_area>
         <name>SHDSPL1DRAM</name>
         <page_id>0x0</page_id>
         <origin>0x11f00000</origin>
         <length>0x8000</length>
         <used_space>0x0</used_space>
         <unused_space>0x8000</unused_space>
         <attributes>RWIX</attributes>
         <usage_details>
         </usage_details>
      </memory_area>
      <memory_area>
         <name>EMIFACS0</name>
         <page_id>0x0</page_id>
         <origin>0x40000000</origin>
         <length>0x20000000</length>
         <used_space>0x0</used_space>
         <unused_space>0x20000000</unused_space>
         <attributes>RWIX</attributes>
         <usage_details>
         </usage_details>
      </memory_area>
      <memory_area>
         <name>EMIFACS2</name>
         <page_id>0x0</page_id>
         <origin>0x60000000</origin>
         <length>0x2000000</length>
         <used_space>0x0</used_space>
         <unused_space>0x2000000</unused_space>
         <attributes>RWIX</attributes>
         <usage_details>
         </usage_details>
      </memory_area>
      <memory_area>
         <name>EMIFACS3</name>
         <page_id>0x0</page_id>
         <origin>0x62000000</origin>
         <length>0x2000000</length>
         <used_space>0x0</used_space>
         <unused_space>0x2000000</unused_space>
         <attributes>RWIX</attributes>
         <usage_details>
         </usage_details>
      </memory_area>
      <memory_area>
         <name>EMIFACS4</name>
         <page_id>0x0</page_id>
         <origin>0x64000000</origin>
         <length>0x2000000</length>
         <used_space>0x0</used_space>
         <unused_space>0x2000000</unused_space>
         <attributes>RWIX</attributes>
         <usage_details>
         </usage_details>
      </memory_area>
      <memory_area>
         <name>EMIFACS5</name>
         <page_id>0x0</page_id>
         <origin>0x66000000</origin>
         <length>0x2000000</length>
         <used_space>0x0</used_space>
         <unused_space>0x2000000</unused_space>
         <attributes>RWIX</attributes>
         <usage_details>
         </usage_details>
      </memory_area>
      <memory_area>
         <name>SHRAM</name>
         <page_id>0x0</page_id>
         <origin>0x80000000</origin>
         <length>0x20000</length>
         <used_space>0x0</used_space>
         <unused_space>0x20000</unused_space>
         <attributes>RWIX</attributes>
         <usage_details>
         </usage_details>
      </memory_area>
      <memory_area>
         <name>EntryPoint</name>
         <page_id>0x0</page_id>
         <origin>0xc0000000</origin>
         <length>0x800</length>
         <used_space>0x80</used_space>
         <unused_space>0x780</unused_space>
         <attributes>RWIX</attributes>
         <usage_details>
            <allocated_space>
               <start_address>0xc0000000</start_address>
               <size>0x80</size>
               <logical_group_ref idref="lg-2"/>
            </allocated_space>
            <available_space>
               <start_address>0xc0000080</start_address>
               <size>0x780</size>
            </available_space>
         </usage_details>
      </memory_area>
      <memory_area>
         <name>Vector</name>
         <page_id>0x0</page_id>
         <origin>0xc0000800</origin>
         <length>0x800</length>
         <used_space>0x0</used_space>
         <unused_space>0x800</unused_space>
         <attributes>RWIX</attributes>
         <usage_details>
         </usage_details>
      </memory_area>
      <memory_area>
         <name>DDR2</name>
         <page_id>0x0</page_id>
         <origin>0xc0001000</origin>
         <length>0x8000000</length>
         <used_space>0x26df4</used_space>
         <unused_space>0x7fd920c</unused_space>
         <attributes>RWIX</attributes>
         <usage_details>
            <allocated_space>
               <start_address>0xc0001000</start_address>
               <size>0x0</size>
               <logical_group_ref idref="lg-8"/>
            </allocated_space>
            <allocated_space>
               <start_address>0xc0001000</start_address>
               <size>0x232a0</size>
               <logical_group_ref idref="lg-1a"/>
            </allocated_space>
            <allocated_space>
               <start_address>0xc00242a0</start_address>
               <size>0x2980</size>
               <logical_group_ref idref="lg-3"/>
            </allocated_space>
            <allocated_space>
               <start_address>0xc0026c20</start_address>
               <size>0x1000</size>
               <logical_group_ref idref="lg-4"/>
            </allocated_space>
            <allocated_space>
               <start_address>0xc0027c20</start_address>
               <size>0x16c</size>
               <logical_group_ref idref="lg-f"/>
            </allocated_space>
            <allocated_space>
               <start_address>0xc0027d8c</start_address>
               <size>0x4</size>
               <logical_group_ref idref="lg-7"/>
            </allocated_space>
            <allocated_space>
               <start_address>0xc0027d90</start_address>
               <size>0x64</size>
               <logical_group_ref idref="lg-16"/>
            </allocated_space>
            <available_space>
               <start_address>0xc0027df4</start_address>
               <size>0x7fd920c</size>
            </available_space>
         </usage_details>
      </memory_area>
      <memory_area>
         <name>ARMROM</name>
         <page_id>0x0</page_id>
         <origin>0xfffd0000</origin>
         <length>0x10000</length>
         <used_space>0x0</used_space>
         <unused_space>0x10000</unused_space>
         <attributes>RWIX</attributes>
         <usage_details>
         </usage_details>
      </memory_area>
      <memory_area>
         <name>ARMRAM</name>
         <page_id>0x0</page_id>
         <origin>0xffff0000</origin>
         <length>0x2000</length>
         <used_space>0x0</used_space>
         <unused_space>0x2000</unused_space>
         <attributes>RWIX</attributes>
         <usage_details>
         </usage_details>
      </memory_area>
   </placement_map>
   <symbol_table>
      <symbol id="sm-0">
         <name>EXTERNAL_RAM_START</name>
         <value>0xc0001000</value>
      </symbol>
      <symbol id="sm-1">
         <name>EXTERNAL_RAM_END</name>
         <value>0xc4001000</value>
      </symbol>
      <symbol id="sm-2">
         <name>EXTERNAL_RAM_SIZE</name>
         <value>0x4000000</value>
      </symbol>
      <symbol id="sm-3">
         <name>cinit</name>
         <value>0xc0027c20</value>
      </symbol>
      <symbol id="sm-4">
         <name>___cinit__</name>
         <value>0xc0027c20</value>
      </symbol>
      <symbol id="sm-5">
         <name>pinit</name>
         <value>0xffffffff</value>
      </symbol>
      <symbol id="sm-6">
         <name>___pinit__</name>
         <value>0xffffffff</value>
      </symbol>
      <symbol id="sm-7">
         <name>binit</name>
         <value>0xffffffff</value>
      </symbol>
      <symbol id="sm-8">
         <name>___binit__</name>
         <value>0xffffffff</value>
      </symbol>
      <symbol id="sm-9">
         <name>__STACK_SIZE</name>
         <value>0x1000</value>
      </symbol>
      <symbol id="sm-a">
         <name>__STACK_END</name>
         <value>0xc0027c20</value>
      </symbol>
      <symbol id="sm-b">
         <name>___c_args__</name>
         <value>0xffffffff</value>
      </symbol>
      <symbol id="sm-c">
         <name>.text</name>
         <value>0xc00242a0</value>
      </symbol>
      <symbol id="sm-d">
         <name>___text__</name>
         <value>0xc00242a0</value>
      </symbol>
      <symbol id="sm-e">
         <name>etext</name>
         <value>0xc0026c20</value>
      </symbol>
      <symbol id="sm-f">
         <name>___etext__</name>
         <value>0xc0026c20</value>
      </symbol>
      <symbol id="sm-10">
         <name>.data</name>
         <value>0xc0001000</value>
      </symbol>
      <symbol id="sm-11">
         <name>___data__</name>
         <value>0xc0001000</value>
      </symbol>
      <symbol id="sm-12">
         <name>edata</name>
         <value>0xc0001000</value>
      </symbol>
      <symbol id="sm-13">
         <name>___edata__</name>
         <value>0xc0001000</value>
      </symbol>
      <symbol id="sm-14">
         <name>.bss</name>
         <value>0xc0027d90</value>
      </symbol>
      <symbol id="sm-15">
         <name>___bss__</name>
         <value>0xc0027d90</value>
      </symbol>
      <symbol id="sm-16">
         <name>end</name>
         <value>0xc0027df4</value>
      </symbol>
      <symbol id="sm-17">
         <name>___end__</name>
         <value>0xc0027df4</value>
      </symbol>
      <symbol id="sm-18">
         <name>___TI_pprof_out_hndl</name>
         <value>0xffffffff</value>
      </symbol>
      <symbol id="sm-19">
         <name>___TI_prof_data_start</name>
         <value>0xffffffff</value>
      </symbol>
      <symbol id="sm-1a">
         <name>___TI_prof_data_size</name>
         <value>0xffffffff</value>
      </symbol>
      <symbol id="sm-1b">
         <name>$bss</name>
         <value>0xc0027d90</value>
      </symbol>
      <symbol id="sm-77">
         <name>_rtInf</name>
         <value>0xc0027dd0</value>
         <object_component_ref idref="oc-23"/>
      </symbol>
      <symbol id="sm-78">
         <name>_rtNaNF</name>
         <value>0xc0027df0</value>
         <object_component_ref idref="oc-23"/>
      </symbol>
      <symbol id="sm-79">
         <name>_rtIsNaNF</name>
         <value>0xc0026274</value>
         <object_component_ref idref="oc-93"/>
      </symbol>
      <symbol id="sm-7a">
         <name>_rtIsInf</name>
         <value>0xc00261b4</value>
         <object_component_ref idref="oc-93"/>
      </symbol>
      <symbol id="sm-7b">
         <name>_rtMinusInfF</name>
         <value>0xc0027dec</value>
         <object_component_ref idref="oc-23"/>
      </symbol>
      <symbol id="sm-7c">
         <name>_rtIsInfF</name>
         <value>0xc0026204</value>
         <object_component_ref idref="oc-93"/>
      </symbol>
      <symbol id="sm-7d">
         <name>_rtInfF</name>
         <value>0xc0027de8</value>
         <object_component_ref idref="oc-23"/>
      </symbol>
      <symbol id="sm-7e">
         <name>_rtIsNaN</name>
         <value>0xc0026244</value>
         <object_component_ref idref="oc-93"/>
      </symbol>
      <symbol id="sm-7f">
         <name>_rtNaN</name>
         <value>0xc0027de0</value>
         <object_component_ref idref="oc-23"/>
      </symbol>
      <symbol id="sm-80">
         <name>_rtMinusInf</name>
         <value>0xc0027dd8</value>
         <object_component_ref idref="oc-23"/>
      </symbol>
      <symbol id="sm-81">
         <name>_rt_InitInfAndNaN</name>
         <value>0xc0026160</value>
         <object_component_ref idref="oc-93"/>
      </symbol>
      <symbol id="sm-9b">
         <name>_rtGetNaN</name>
         <value>0xc0026600</value>
         <object_component_ref idref="oc-96"/>
      </symbol>
      <symbol id="sm-9c">
         <name>_rtGetNaNF</name>
         <value>0xc00266a4</value>
         <object_component_ref idref="oc-96"/>
      </symbol>
      <symbol id="sm-b6">
         <name>_rtGetInfF</name>
         <value>0xc0025f24</value>
         <object_component_ref idref="oc-97"/>
      </symbol>
      <symbol id="sm-b7">
         <name>_rtGetMinusInfF</name>
         <value>0xc0025fe4</value>
         <object_component_ref idref="oc-97"/>
      </symbol>
      <symbol id="sm-b8">
         <name>_rtGetMinusInf</name>
         <value>0xc0025f40</value>
         <object_component_ref idref="oc-97"/>
      </symbol>
      <symbol id="sm-b9">
         <name>_rtGetInf</name>
         <value>0xc0025e80</value>
         <object_component_ref idref="oc-97"/>
      </symbol>
      <symbol id="sm-f2">
         <name>_Fun_Detect</name>
         <value>0xc002536c</value>
         <object_component_ref idref="oc-90"/>
      </symbol>
      <symbol id="sm-167">
         <name>_sig_fft</name>
         <value>0xc0014000</value>
         <object_component_ref idref="oc-44"/>
      </symbol>
      <symbol id="sm-168">
         <name>_main</name>
         <value>0xc00242a0</value>
         <object_component_ref idref="oc-8c"/>
      </symbol>
      <symbol id="sm-169">
         <name>_Doa_phi</name>
         <value>0xc0027d90</value>
         <object_component_ref idref="oc-41"/>
      </symbol>
      <symbol id="sm-16a">
         <name>_LAMDA</name>
         <value>0xc0027da8</value>
         <object_component_ref idref="oc-41"/>
      </symbol>
      <symbol id="sm-16b">
         <name>_Cmo</name>
         <value>0xc0013000</value>
         <object_component_ref idref="oc-44"/>
      </symbol>
      <symbol id="sm-16c">
         <name>_FFT</name>
         <value>0xc0024a6c</value>
         <object_component_ref idref="oc-8c"/>
      </symbol>
      <symbol id="sm-16d">
         <name>_nos_amp</name>
         <value>0xc00240d0</value>
         <object_component_ref idref="oc-44"/>
      </symbol>
      <symbol id="sm-16e">
         <name>_sig_flag</name>
         <value>0xc0027dc8</value>
         <object_component_ref idref="oc-41"/>
      </symbol>
      <symbol id="sm-16f">
         <name>_n_point</name>
         <value>0xc0024000</value>
         <object_component_ref idref="oc-44"/>
      </symbol>
      <symbol id="sm-170">
         <name>_bit_rev</name>
         <value>0xc0024890</value>
         <object_component_ref idref="oc-8c"/>
      </symbol>
      <symbol id="sm-171">
         <name>_FFT_NUM</name>
         <value>0xc0027d98</value>
         <object_component_ref idref="oc-41"/>
      </symbol>
      <symbol id="sm-172">
         <name>_FS</name>
         <value>0xc0027db0</value>
         <object_component_ref idref="oc-41"/>
      </symbol>
      <symbol id="sm-173">
         <name>_FC</name>
         <value>0xc0027db8</value>
         <object_component_ref idref="oc-41"/>
      </symbol>
      <symbol id="sm-174">
         <name>_Cw</name>
         <value>0xc0011000</value>
         <object_component_ref idref="oc-44"/>
      </symbol>
      <symbol id="sm-175">
         <name>_sig_in</name>
         <value>0xc0001000</value>
         <object_component_ref idref="oc-44"/>
      </symbol>
      <symbol id="sm-176">
         <name>_SNR</name>
         <value>0xc00241b0</value>
         <object_component_ref idref="oc-44"/>
      </symbol>
      <symbol id="sm-177">
         <name>_f_sig</name>
         <value>0xc0024020</value>
         <object_component_ref idref="oc-44"/>
      </symbol>
      <symbol id="sm-178">
         <name>_CFFT_In</name>
         <value>0xc0007000</value>
         <object_component_ref idref="oc-44"/>
      </symbol>
      <symbol id="sm-179">
         <name>_w_sig</name>
         <value>0xc0024010</value>
         <object_component_ref idref="oc-44"/>
      </symbol>
      <symbol id="sm-17a">
         <name>_CFFT_Out</name>
         <value>0xc0009000</value>
         <object_component_ref idref="oc-44"/>
      </symbol>
      <symbol id="sm-17b">
         <name>_gen_w_r2</name>
         <value>0xc00249b4</value>
         <object_component_ref idref="oc-8c"/>
      </symbol>
      <symbol id="sm-17c">
         <name>_sig_amp</name>
         <value>0xc0024030</value>
         <object_component_ref idref="oc-44"/>
      </symbol>
      <symbol id="sm-17d">
         <name>_CFFT</name>
         <value>0xc0005000</value>
         <object_component_ref idref="oc-44"/>
      </symbol>
      <symbol id="sm-17e">
         <name>_arraygap</name>
         <value>0xc0027da0</value>
         <object_component_ref idref="oc-41"/>
      </symbol>
      <symbol id="sm-17f">
         <name>_nos_sum</name>
         <value>0xc0024190</value>
         <object_component_ref idref="oc-44"/>
      </symbol>
      <symbol id="sm-180">
         <name>_C</name>
         <value>0xc0027dc0</value>
         <object_component_ref idref="oc-41"/>
      </symbol>
      <symbol id="sm-181">
         <name>_sig_sum</name>
         <value>0xc0024170</value>
         <object_component_ref idref="oc-44"/>
      </symbol>
      <symbol id="sm-195">
         <name>_asin</name>
         <value>0xc0025d00</value>
         <object_component_ref idref="oc-95"/>
      </symbol>
      <symbol id="sm-1a5">
         <name>_atan2</name>
         <value>0xc0026000</value>
         <object_component_ref idref="oc-94"/>
      </symbol>
      <symbol id="sm-1b4">
         <name>_c_int00</name>
         <value>0xc0000000</value>
         <object_component_ref idref="oc-22"/>
      </symbol>
      <symbol id="sm-1b5">
         <name>__stack</name>
         <value>0xc0026c20</value>
         <object_component_ref idref="oc-51"/>
      </symbol>
      <symbol id="sm-1c7">
         <name>__divd</name>
         <value>0xc0024c60</value>
         <object_component_ref idref="oc-8e"/>
      </symbol>
      <symbol id="sm-1d1">
         <name>_errno</name>
         <value>0xc002429c</value>
         <object_component_ref idref="oc-59"/>
      </symbol>
      <symbol id="sm-1e8">
         <name>C$$EXIT</name>
         <value>0xc0026c00</value>
         <object_component_ref idref="oc-8d"/>
      </symbol>
      <symbol id="sm-1e9">
         <name>_exit</name>
         <value>0xc00268e0</value>
         <object_component_ref idref="oc-88"/>
      </symbol>
      <symbol id="sm-1ea">
         <name>___TI_enable_exit_profile_output</name>
         <value>0xc0024298</value>
         <object_component_ref idref="oc-5d"/>
      </symbol>
      <symbol id="sm-1eb">
         <name>_abort</name>
         <value>0xc0026c00</value>
         <object_component_ref idref="oc-8d"/>
      </symbol>
      <symbol id="sm-1ec">
         <name>__cleanup_ptr</name>
         <value>0xc0024290</value>
         <object_component_ref idref="oc-5d"/>
      </symbol>
      <symbol id="sm-1ed">
         <name>__dtors_ptr</name>
         <value>0xc0024294</value>
         <object_component_ref idref="oc-5d"/>
      </symbol>
      <symbol id="sm-1f7">
         <name>__frcmpyd_div</name>
         <value>0xc0026b80</value>
         <object_component_ref idref="oc-92"/>
      </symbol>
      <symbol id="sm-206">
         <name>_frexp</name>
         <value>0xc00262a0</value>
         <object_component_ref idref="oc-98"/>
      </symbol>
      <symbol id="sm-210">
         <name>__llshru</name>
         <value>0xc0026bc0</value>
         <object_component_ref idref="oc-91"/>
      </symbol>
      <symbol id="sm-21c">
         <name>_sqrt</name>
         <value>0xc0026720</value>
         <object_component_ref idref="oc-8f"/>
      </symbol>
      <symbol id="sm-226">
         <name>__args_main</name>
         <value>0xc0026b40</value>
         <object_component_ref idref="oc-87"/>
      </symbol>
      <symbol id="sm-227">
         <name>__TI_args_main</name>
         <value>0x1</value>
      </symbol>
      <symbol id="sm-23d">
         <name>_atan</name>
         <value>0xc0025b60</value>
         <object_component_ref idref="oc-99"/>
      </symbol>
      <symbol id="sm-24c">
         <name>__auto_init</name>
         <value>0xc0026820</value>
         <object_component_ref idref="oc-86"/>
      </symbol>
      <symbol id="sm-259">
         <name>___TI_cpp_init</name>
         <value>0xc0026ae0</value>
         <object_component_ref idref="oc-8b"/>
      </symbol>
      <symbol id="sm-267">
         <name>_copy_in</name>
         <value>0xc00269a0</value>
         <object_component_ref idref="oc-89"/>
      </symbol>
      <symbol id="sm-26f">
         <name>_memcpy</name>
         <value>0xc0026a40</value>
         <object_component_ref idref="oc-8a"/>
      </symbol>
      <symbol id="sm-273">
         <name>_sinsp</name>
         <value>0xc00264f4</value>
         <object_component_ref idref="oc-80"/>
      </symbol>
      <symbol id="sm-277">
         <name>_cossp</name>
         <value>0xc00263c0</value>
         <object_component_ref idref="oc-81"/>
      </symbol>
      <symbol id="sm-281">
         <name>_DSPF_sp_cfftr2_dit</name>
         <value>0xc00256e0</value>
         <object_component_ref idref="oc-82"/>
      </symbol>
   </symbol_table>
</link_info>
